,Suburb,House_price,Num_sales_houses,house_2bed_Rent_today,house_2bed_hous_avg,house_2bed_2025_avg,house_2bed_2026_avg,house_2bed_2027_avg,house_2bed_2028_avg,house_2bed_2029_avg,house_2bed_2030_avg,house_2bed_avg_future_rent,house_2bed_Price_change (%),house_3bed_Rent_today,house_3bed_hous_avg,house_3bed_2025_avg,house_3bed_2026_avg,house_3bed_2027_avg,house_3bed_2028_avg,house_3bed_2029_avg,house_3bed_2030_avg,house_3bed_avg_future_rent,house_3bed_Price_change (%),house_4bed_Rent_today,house_4bed_hous_avg,house_4bed_2025_avg,house_4bed_2026_avg,house_4bed_2027_avg,house_4bed_2028_avg,house_4bed_2029_avg,house_4bed_2030_avg,house_4bed_avg_future_rent,house_4bed_Price_change (%),House_ALL_avg_price_change(%),House_ALL_future_rent,House_Annual ROI (%),House_5yr ROI (%)
466,MORWELL,351000,96,349.227987999152,349.227987999152,352.2626668860647,371.93973522006354,399.94017534530695,426.1432411312566,453.06436184802334,469.66398279346686,403.177450174762,13.381071325349414,394.7559950287287,394.7559950287287,406.0653789486603,427.0756992464681,453.85310585486377,480.3308294795646,506.7251335212055,523.2115293645137,456.00252449200065,13.43118210398117,487.20625695932506,487.20625695932506,495.0233675526324,503.4531174371967,518.0974318243841,532.3651483208224,546.71370290227,555.6696400983216,519.7898092992789,6.268601607230284,11.02695167885362,459.6565946553472,0.13095629477360318,0.6547814738680159
446,MILDURA,485000,165,385.33599366721154,385.33599366721154,394.0836380028911,412.8571595125949,444.6365134938972,472.7238160403451,502.6755882277371,520.0161293747973,447.4755483313535,13.886692780390291,472.13810724279386,472.13810724279386,490.20885385558654,526.3503470811718,574.5390047152852,622.7276623493987,670.9163199835122,701.0342310048331,579.702075176083,18.555042760648536,581.745307280729,581.745307280729,604.260705570561,648.1553567240333,705.2081905360081,762.5151374574633,819.7554749236994,855.5410813915859,711.0258934120114,18.182261339443155,16.874665626827326,579.4011723064826,0.11946415923845004,0.5973207961922502
597,SHEPPARTON,470500,188,392.1744330044693,392.1744330044693,404.23209152657876,430.3760011878603,467.55664235690773,505.8719504673024,545.5069270347129,570.8973819785708,473.80220393662887,17.228237913194114,460.2560316420556,460.2560316420556,470.5315133308648,491.08247670848306,518.4837612119742,545.8850457154655,573.2863302189568,590.4121330336388,521.4196131230626,11.730203456418803,591.0778719755461,591.0778719755461,603.9220572385285,632.0328235889531,669.7302869719763,707.3840854707397,745.0242960298849,768.5968460651309,673.9668953343943,12.298678753015318,13.752373374209412,556.3962374646952,0.11825637353128486,0.5912818676564243
596,SEYMOUR,443000,27,396.5665540714106,396.5665540714106,400.7180512671396,409.2159320945579,420.5355939351285,431.8548123641881,441.75912516918464,,416.77501148360153,4.848768965359631,413.6838380303958,413.6838380303958,420.5047041164296,434.1464362884971,452.3354125179205,470.52438874734383,488.7133649767672,500.0814751201568,454.2842313996444,8.937222681967025,582.7459026638378,582.7459026638378,589.4039864571776,602.7201540438572,616.0363216305368,,,,597.7265911988524,2.5062777456442076,5.430756464323622,489.5952780273661,0.1105181214508727,0.5525906072543635
544,PORTLAND,445000,57,381.7664902467672,381.7664902467672,386.3744362036283,394.9914288952678,406.2113219490438,417.4519133145386,428.68950233535685,435.7132507569828,407.31404910022644,6.272201734728975,422.188510816717,422.188510816717,424.7667106337627,431.1153953398621,440.6464056444751,450.9842724509201,461.7842537372187,468.6699097879171,442.87935120155333,4.671890962787288,571.2466422241619,571.2466422241619,575.7258452172507,587.7935288841501,612.4323731488522,627.5220428028599,646.3367359152436,656.0789563226692,611.0194463593125,6.509253407912335,5.817782035142867,487.07094888703074,0.10945414581731028,0.5472707290865514
34,BAIRNSDALE,450000,35,382.6,382.6,386.5000000000001,394.3000000000002,404.7000000000003,415.10000000000036,425.5000000000004,432.00000000000045,405.814285714286,5.720421022987346,453.6553078394306,453.6553078394306,459.0184834149238,469.4170736138809,482.8362283351406,495.90949096738666,508.7746274965607,516.7514977714928,483.7661013484023,6.2242462679885655,557.878787878788,557.878787878788,563.787878787879,575.606060606061,591.3636363636369,607.1212121212129,622.8787878787889,,586.4393939393944,4.870171812427399,5.6049463678011024,492.0065936673609,0.10933479859274688,0.5466739929637344
325,HORSHAM,413100,68,352.3168185671455,352.3168185671455,353.9337828435302,360.90884602041706,370.4027035045813,379.8965609887455,389.39041847290974,395.3240794005124,371.7390299711202,5.224689859841615,403.1794617655056,403.1794617655056,408.3247655197788,416.7412492687738,427.68625886088444,438.7574900576945,449.8097319155661,456.7193712577872,428.7454755208558,5.962981585821203,507.6514007232515,507.6514007232515,512.8697927077887,517.564916266488,532.7687217548303,546.0990966586718,560.0157344149168,568.592118610417,535.0802544480521,5.126119586134617,5.437930343932479,445.1882533133427,0.10776767206810524,0.5388383603405262
63,BENALLA,465000,55,384.6017418286452,384.6017418286452,391.5043545716131,405.3095800575488,423.71654737212975,442.1235146867107,460.5304820012915,472.0348365729046,425.6887224415491,9.65188374670779,455.5004177079471,455.5004177079471,464.12590968672225,481.3016154132379,504.2057615063052,527.1099475370166,550.014133607024,564.3292499008028,506.6552907655795,10.096583217424808,531.1246914565816,531.1246914565816,535.3026933040068,547.4721818297724,562.4402483117655,577.2923957921251,592.1758912268738,601.4682719972287,563.8966248454791,5.811691708188148,8.520052890773583,498.7468793508692,0.10725739340878909,0.5362869670439454
502,NORTH BENDIGO,497500,23,405.128173369545,405.128173369545,415.9247086476126,434.6494330924416,460.8104809689705,486.8452324248982,512.9013222192729,529.1838643493296,463.6347450102958,12.619108526789024,464.9571671362051,464.9571671362051,472.63281200501285,489.24394129959103,511.9607519735472,534.3373867323565,556.8265271763971,570.852085040354,514.4015244804949,9.61201609855739,537.7711896623903,537.7711896623903,550.7504204320251,576.708881971295,611.3201640236549,645.9314460760148,680.5427281283747,702.1747794110997,615.028515672122,12.56158438853889,11.5975696712951,531.0215950543043,0.10673800905614157,0.5336900452807078
701,WARRNAMBOOL,600000,122,455.0411277318043,455.0411277318043,466.08693822683483,486.63261084502017,513.5182502861677,540.4038897273155,567.2895291684632,584.0930538191806,516.1521999721123,11.839738790924423,538.4194355524669,538.4194355524669,551.1181057692726,576.5154462028839,610.3785667810324,644.2416873591809,678.1048079373294,699.2692582986722,614.0067582715484,12.310503378148898,654.8,654.8,661.9999999999999,676.3999999999997,695.5999999999995,714.7999999999993,733.9999999999991,745.9999999999991,697.6571428571423,6.143009255467207,10.097750474846842,609.2720337002676,0.1015453389500446,0.507726694750223
298,HAMILTON,415000,38,324.32377009666965,324.32377009666965,323.17030983099517,332.8730209834573,341.9439657009336,351.1260929961961,360.3082202914586,366.0470498509976,342.82748996438687,5.3973851016554715,387.3567139638547,387.3567139638547,394.2131031019551,404.64173444771654,416.199912505381,426.9927259367662,437.62992643398223,444.26009218969136,415.89917265419245,6.862831322357533,454.3982853343934,454.3982853343934,460.9957133359835,472.10098370180947,484.7837255153123,498.359896128934,511.6530934401907,520.030500247238,486.0460282434087,6.511264586070508,6.257160336694504,414.9242302873293,0.09998174223791068,0.4999087111895534
176,CORIO,480000,81,380.2499462356986,380.2499462356986,388.1248655892466,403.87470429634254,424.8744892391371,445.8742741819317,466.8740591247263,479.9989247139729,427.12446619729366,10.974440396477592,405.2845028371263,405.2845028371263,411.18501912038096,423.5745322311727,440.0619179939718,456.54820400212236,473.0344830397701,483.33840741078535,441.86100951933287,8.277830787105515,492.1431735282786,492.1431735282786,500.76772760063335,513.1070078250946,525.1316887784149,539.3929607693125,552.9797647853779,561.5999616888829,526.4460407108564,6.515932219047348,8.589401134210151,465.143838809161,0.09690496641857521,0.48452483209287606
231,ECHUCA,579000,70,402.1927896445192,402.1927896445192,405.05129057953457,417.3208327662347,427.62517780697874,438.6604603318467,448.90895384495275,455.4555067121913,427.8878588123226,6.005094241076272,508.526810810125,508.526810810125,521.4690047515778,547.8853146764116,584.1202460846251,621.5709993029609,660.2375743314188,684.9741001976998,589.8262928792599,13.783631392942535,606.6884980486783,606.6884980486783,614.1846508087801,626.9678106548114,643.2177110327079,659.6227918174144,675.9936404548461,686.2300636167533,644.7007380619988,5.89610617285581,8.56161060229154,554.138296584527,0.09570609612858842,0.4785304806429421
730,WODONGA,615000,108,433.3430507611482,433.3430507611482,444.257287319591,467.1628674738057,504.83962561463693,539.6119731804167,579.0234499948372,602.2201369815805,510.06548447514524,15.041683087602763,487.4753132634449,487.4753132634449,499.53797900371234,523.6633104842473,555.8304191249605,587.9975277656737,620.1646364063869,640.2690793068326,559.2768950507511,12.838288587049654,589.2680219545899,589.2680219545899,603.1700548864746,630.9741207502441,668.0462085686033,705.1182963869626,742.1903842053218,765.3604390917964,672.0182179777132,12.313683440330129,13.397885038327516,580.4535325012032,0.09438268821157776,0.4719134410578888
672,TRARALGON,535000,136,392.64721307859634,392.64721307859634,396.1529478854095,403.21310681633497,414.2717264893527,425.0357074803502,435.8545012616536,442.6092041232322,415.6834867335614,5.541782243019553,449.1913337218383,449.1913337218383,457.70721310052636,474.7389718579024,497.4479835344038,520.1569952109053,542.8660068874068,557.0591391852204,499.8810919283148,10.14036318335994,558.72,558.72,564.3000000000001,575.4600000000002,590.3400000000003,605.2200000000004,620.1000000000005,629.4000000000005,591.9342857142858,5.611144094180349,7.097763173519947,502.49962145872064,0.0939251628894805,0.4696258144474025
182,CRANBOURNE,660000,109,481.0096862056273,481.0096862056273,484.562349619461,504.06542703497604,513.6141376964656,529.5006338440603,541.4059216825158,550.0139131006806,514.8817241691123,6.578605604645579,564.2641852159961,564.2641852159961,587.362317140188,631.0401675286157,689.0907235316364,747.463342307508,805.8359610833796,842.3188478182994,695.3393635179461,18.85053330488848,610.6757480155293,610.6757480155293,623.7105448658866,638.5148681093794,640.1128769049614,631.9707934555449,629.7524510814129,635.2702796996973,630.0010803046304,3.0675078016940103,9.498882237076023,613.407389330563,0.09294051353493378,0.4647025676746689
645,SWAN HILL,545000,35,369.6431259288993,369.6431259288993,373.3473563400338,380.7558171623028,390.633764925328,400.5117126883533,410.3896604513787,,387.54690624938263,4.619771189442147,447.47996559283433,447.47996559283433,466.9577045570985,496.0200880777209,538.937288113154,582.9199970004347,628.5859553410731,657.0215148141998,545.4175019280736,17.95643447249603,554.7996360955997,554.7996360955997,557.3943395327408,559.5455077037299,577.3170616646454,591.0600343368549,606.0397145113569,615.1296280696107,580.1837031306483,4.375177533956429,8.983794398631536,504.38270376936816,0.09254728509529692,0.4627364254764846
436,MELTON,490000,53,377.2710594738572,377.2710594738572,381.0027226935551,388.53531798871217,398.2161606006057,407.8697941431954,417.52342768578507,,395.0697470976184,4.50520136115695,427.9272526137347,427.9272526137347,433.3140096506131,443.07158467963734,455.04094729586006,466.4556330232799,477.6589577200883,484.6175380976329,455.44084615440664,6.041090467178714,472.5122246214652,472.5122246214652,474.9448174811737,483.57764478248555,495.6474685741459,507.7172923658062,519.7871161574666,527.3307560272543,497.3596171442568,4.995860473244803,5.180717433860156,449.29007013209394,0.09169185104736612,0.45845925523683057
524,PAKENHAM,670000,247,452.9243537470016,452.9243537470016,455.09761801087393,464.49344619302593,477.13154280681874,489.79771601712764,502.468101674543,510.3874689763578,478.9000353465355,5.424030002574071,532.4562022627082,532.4562022627082,550.1620307386142,585.8669130108345,633.4572631346396,681.047000336685,728.6367329290722,758.3803157777367,638.5723511700415,16.617717430593284,602.5254870231852,602.5254870231852,621.313717557963,658.8901786275185,708.9921267202592,759.0940748129999,809.1960229057406,840.5097404637036,714.3601925873385,15.655226414436616,12.565657949201324,610.6108597013052,0.09113594920915002,0.4556797460457501
64,BENDIGO,597500,34,453.1071990833288,453.1071990833288,460.72958816176117,477.6611588706701,498.423476484919,514.6262314982848,529.9276518891356,539.1294687931179,496.2292535401739,8.68994605803787,475.14729305829474,475.14729305829474,485.50875185217194,506.71873477258197,534.2895455072236,561.8358409388218,589.3815148282818,606.5975610091942,537.0684631380815,11.52947423462224,549.6931683678245,549.6931683678245,545.1685442969947,547.8284739013034,555.3596163636348,570.2210160386329,584.6979710510903,593.7460679338762,563.816408279051,2.504935951462494,7.574785414707534,532.3713749857687,0.08909981171309937,0.4454990585654969
698,WARRAGUL,620000,102,415.1607635250666,415.1607635250666,427.32015621651277,447.717321673848,472.859849757671,498.30858214634657,523.7836425927344,539.7053804748084,474.9793851981411,12.5939406082057,477.4382926160592,477.4382926160592,487.6750190845577,507.16895331890953,533.4285579517202,559.6961788458855,585.9638829338791,602.3811985255138,536.2502976109321,10.967267572043944,587.3890815775809,587.3890815775809,599.0620819550913,613.91989317251,631.0485907693467,647.7185433727894,664.3510846621529,674.7446106595406,631.1762694527159,6.937394511536736,10.166200897262128,547.4686507539296,0.08830139528289187,0.44150697641445935
197,DANDENONG,725500,50,502.6363728642358,502.6363728642358,507.71953345057295,518.3895622013522,532.6852489592966,546.9829515774572,561.2806637575959,570.216733898451,534.2730095298517,5.921436438171462,548.5790270272365,548.5790270272365,547.4967598830783,554.0805265044414,567.532596277933,582.0002630066389,596.586969475584,605.7119032527937,571.7125779182436,4.046360318893532,734.518707726538,734.518707726538,738.7638515119459,756.9953621993116,778.8572841622336,800.9367038222367,823.0500840455041,836.8783461877791,781.4286199507926,6.0030962555746425,5.323631004213212,629.1380691329626,0.08671785928779636,0.4335892964389818
267,FRANKSTON,750000,146,477.8150085355036,477.8150085355036,484.32846824311025,495.4519358097884,509.18029334729897,522.6868230751982,536.1570531078312,544.5726327082026,510.0274592609905,6.315826754144076,569.543375318355,569.543375318355,583.9799583884962,612.827323707885,651.2916236595976,689.7559400719362,728.220256505444,752.2604542764035,655.411275989731,13.101376771662604,678.4222382720607,678.4222382720607,694.0555956801517,725.3223104963336,767.0112635845762,808.7002166728189,850.3891697610616,876.4447654412133,771.4779371297452,12.062003899151645,10.493069141652775,645.6388907934889,0.08608518543913186,0.4304259271956593
499,NOBLE PARK,777500,40,474.7455277874923,474.7455277874923,477.08523983976,491.9519774964883,504.76558563525447,518.1970462184192,531.4830258272433,539.8055350516978,505.4334196937651,6.0715992869775315,568.2950891331774,568.2950891331774,584.2458739966448,609.8527964283126,638.7172350183396,663.2529281509704,685.0975319080359,697.886580469749,635.3354335864614,10.55196057220388,668.0852130996019,668.0852130996019,698.6233182102754,758.6307671447497,838.9734228494158,919.2245637382346,999.4776870013461,1049.6393814681155,847.5220505016771,21.171937331407534,12.59849906352965,662.7636345939678,0.0852429112017965,0.4262145560089825
255,FERNTREE GULLY,902000,58,513.3940386827271,513.3940386827271,527.1490987980917,529.992477517609,538.1831473691404,552.6721602440102,564.4137659330731,,537.6341147574419,4.508656614108448,601.8166536460432,601.8166536460432,618.3390897088523,647.8611164922212,681.9664441854263,711.462994778146,737.7568058600867,753.0800434428911,678.8975925876667,11.35383889753152,731.6724479027395,731.6724479027395,759.407139915552,841.1080564723552,964.2704054952675,1087.2048708918917,1210.0450416505828,1286.7992707105204,982.9296047198442,25.562070326360587,13.808188612666852,733.1537706883176,0.08128090584127691,0.40640452920638453
636,SUNBURY,677500,208,437.82,437.82,442.04999999999995,450.51,461.78999999999996,473.0699999999999,484.3499999999999,491.3999999999999,462.9985714285714,5.438153156905752,487.12827942144577,487.12827942144577,496.26984186710155,514.3125295261048,534.8288913749889,552.2074380303719,567.9257999106612,577.2377336234722,532.8443591077352,8.579630975702251,589.2236640782411,589.2236640782411,602.2988889671763,626.1917211188402,654.6165882918328,679.9592450445639,703.098484071853,716.7781192442795,653.1666729738266,9.789692515151922,7.935825549253309,549.6698678367111,0.08113208381353669,0.40566041906768346
612,SOUTH YARRA,1590000,23,784.6012384298404,784.6012384298404,791.8842360075137,805.3767900490134,824.5539727768792,843.6693252383308,862.7739866772295,874.7127593777411,826.7960440795068,5.103411651738493,1093.6116631240034,1093.6116631240034,1107.4504302267583,1134.4633839867242,1161.268992642866,1189.8014187484482,1217.7945880287323,1235.3855982093312,1162.8251535666948,5.952183802560099,1833.627476988553,1833.627476988553,1852.3288364968782,1889.5492082521919,1926.7726807060249,,,,1875.5695506109118,2.236231314839663,4.430608923046084,1288.3969160857043,0.08103125258400656,0.4051562629200328
390,LARA,655000,34,435.6989247311827,435.6989247311827,440.1344086021504,449.00537634408585,460.8333333333331,471.1827956989244,,,451.37096774193526,3.4720981478172623,492.22559004215736,492.22559004215736,497.14723316670654,506.726408036068,519.5083217834724,532.2903121127786,545.0723024736975,553.0610464492801,520.8616020091657,5.49781589899277,582.931494132875,582.931494132875,588.2039340636908,599.2594469257139,613.9753416165289,628.690742205785,643.4061416253109,652.6032662607862,615.581480975813,5.303926101087643,4.757946715965892,529.2713502423047,0.08080478629653508,0.4040239314826754
181,CRAIGIEBURN,679000,194,480.3614457831327,480.3614457831327,484.9156626506026,494.0240963855424,506.1686746987955,,,,491.3674698795183,2.2398764206112878,510.63464881498527,510.63464881498527,520.8634514510517,538.1449626788487,557.3231794159466,573.911321537385,589.1923887950852,598.3986054020716,555.4955082993391,8.075827583502212,564.4594208212178,564.4594208212178,570.7933791123519,582.715162263183,597.9013314479297,612.7454259426589,627.4745120466908,636.6590296793925,598.9640373304893,5.760715895908279,5.358806633340593,548.6090051697823,0.08079661342706662,0.4039830671353331
503,NORTH GEELONG,650000,17,445.9504736542054,445.9504736542054,447.80914494594174,452.1377428226933,459.7546163962263,468.5541547731194,478.216381961952,484.2918410457351,462.3877650856962,3.5548716191580896,483.3,483.3,488.25,498.1500000000001,511.35000000000014,524.55,537.7499999999998,545.9999999999997,512.7642857142857,5.7461657403151,563.3481990917513,563.3481990917513,564.3226443660334,579.7317201744863,595.339767641412,610.9478151083376,626.5558625752633,636.3108922420919,596.6509858856251,5.581619335538609,4.960885565003934,523.934345561869,0.08060528393259522,0.40302641966297614
84,BORONIA,856000,62,502.49,502.49,507.725,518.195,532.1550000000001,546.1150000000001,560.0750000000002,568.8000000000002,533.6507142857143,5.839159107548954,599.6560387315952,599.6560387315952,630.1128176117807,693.6867093013599,781.6540878066869,870.9632401963628,960.5128396679427,1016.4925533718384,793.2968980982239,24.40963274038323,656.1157839829249,656.1157839829249,664.749356890889,680.7128122081699,700.5024525506229,719.3655832294926,737.803658202177,749.2243887026457,701.2105765381317,6.43099149728164,12.22659444840461,676.0527296406899,0.07897812262157593,0.39489061310787965
713,WEST FOOTSCRAY,847500,24,500.6859564454657,500.6859564454657,502.8880696862621,510.11644435050005,518.7199209703576,528.4202214058404,539.218482067576,547.0779614353778,521.0181509087686,3.902396572526142,607.4483331456798,607.4483331456798,617.5070400210852,635.0244989260138,655.5316273390032,674.3762375093402,692.5124592100182,703.6866396771428,655.1552622611833,7.281774544685671,722.4980592591952,722.4980592591952,724.4165944640783,737.0594155176941,761.1625417169628,781.5849363954505,803.2813747780101,816.4865047726353,763.7842038434322,5.405472432721358,5.5298811833110575,646.6525390044613,0.07630118454329927,0.38150592271649636
646,SYDENHAM,690000,24,445.6666666666666,445.6666666666666,449.91666666666663,458.4166666666666,469.74999999999983,481.0833333333331,492.41666666666634,,466.2083333333332,4.4061131468406405,484.0389526883509,484.0389526883509,495.5437571127785,508.689204356373,523.3442827623034,536.0587451950571,548.0569268469403,555.4068479033313,521.5912452664477,7.19956343571559,546.474636165876,546.474636165876,555.2527540836323,570.3660197244692,587.3924703440834,602.1810436864088,615.7464995982914,623.8795067933873,585.8989900565927,6.728865309514982,6.111513964023739,524.5661895521245,0.07602408544233688,0.3801204272116844
640,SUNSHINE,750000,33,459.7198155835763,459.7198155835763,467.4638712530147,474.42052375721283,487.0588734231857,499.796411815128,512.5340599215731,520.4950900638994,488.7840922596558,5.946240300439182,487.14030388853314,487.14030388853314,496.32883316550107,511.7126805233456,528.8676828183246,544.0031183648797,558.2450215423227,566.9363396579539,527.6048542801229,7.669480305824826,596.9925764556014,596.9925764556014,607.5216502103472,620.342947866134,637.438011407183,654.5330749482321,671.6281384892811,682.3125532024368,638.681278939888,6.527309294783687,6.714343300349232,551.6900751598889,0.07355867668798519,0.36779338343992596
50,BAYSWATER,845500,26,495.6002130604455,495.6002130604455,494.59513779308884,527.4627510276187,532.8293348505383,552.6428871910139,562.6425722682745,,527.62881603183,6.0702907040339245,582.1505255195008,582.1505255195008,594.5959580045644,614.7453933155678,636.7703735209585,655.827851972327,673.5651209747144,684.3400322676072,634.5707507964629,8.260737705160286,656.8605585897308,656.8605585897308,663.5558712124566,677.082486773995,695.1299772386606,713.1776431766815,731.2253093480454,,689.5053077232616,4.734517453001687,6.355181954065299,617.2349581838515,0.0730023605184922,0.36501180259246097
264,FOOTSCRAY,955000,28,566.4664287447372,566.4664287447372,574.7197959485204,588.2421482967166,604.5589311060291,620.4639220077067,636.3134015348846,646.2149371793497,605.282794973992,6.4129307080209905,635.5308834182151,635.5308834182151,637.9947750770787,649.2815373309901,666.5851714966581,684.2624786854661,701.9692274000125,713.037330641324,669.8087720071064,5.117563403383977,734.4883228038175,734.4883228038175,762.564585110455,779.3245107005304,801.3937432675328,823.4629758345353,845.5322084015378,,791.1277243530682,7.159324569944333,6.229939560449767,688.7397637780555,0.07211934699246654,0.3605967349623327
547,PRESTON,1172500,62,581.0043737676648,581.0043737676648,584.7149668766774,586.0989379161641,594.9839627381077,608.3067473224769,623.4653608604679,633.1751046359434,601.6784934453574,3.4360742328195184,650.240239636437,650.240239636437,658.1264885945318,671.8178710971679,690.0147015657334,708.2368250672406,726.5482531493321,738.1357976168739,691.8743109610452,6.017577277407024,931.2145891778052,931.2145891778052,980.4043056540161,1090.9232572097337,1230.7677341568865,1369.005991761718,1506.6315797545476,1592.7391514250814,1243.0980870199699,25.089210666378765,11.514287392201771,845.5502971421241,0.07211516393536241,0.36057581967681207
722,WHITTLESEA,755000,18,461.6326486541692,461.6326486541692,466.33587584823533,475.7423302363677,488.2842694205442,500.8262086047207,,,478.5642665528074,3.538002956342723,513.3428734904164,513.3428734904164,516.3311286107393,525.3742581739692,538.7560526518985,552.3505625946716,565.9612831987786,574.4687263440355,540.9406978663585,5.101820677349042,581.2956986685776,581.2956986685776,586.1157262428379,595.7799117719703,608.7018817804235,620.019729729082,,,598.3825896385782,2.85551272143814,3.831778785043302,539.2958513525814,0.07142991408643462,0.3571495704321731
100,BRUNSWICK,1305000,55,653.0597568865966,653.0597568865966,659.1938464957511,672.2974243072989,689.9121254963827,707.5327358603747,725.153397639953,736.1663115303828,691.9022283166771,5.613867081275348,831.3343731150834,831.3343731150834,836.324090166433,838.721937192798,861.3844873881956,884.3740413613752,907.3635953345549,921.732066567792,868.7477987323189,4.306592278199649,1035.4108804024763,1035.4108804024763,1062.4973040725672,1077.6222963029688,1101.7793886180923,1128.35536032178,1156.7210290138405,1174.97913543971,1105.3379134530621,6.3263036759622775,5.415587678479092,888.6626468340195,0.06809675454666816,0.34048377273334085
132,CASTLEMAINE,782500,27,433.1,433.1,437.7500000000001,447.0500000000002,459.4500000000003,471.85000000000036,484.2500000000004,492.00000000000045,460.77857142857164,6.006913763970957,483.5,483.5,488.75,499.25,513.25,527.25,541.25,550.0,514.75,6.070908207867897,608.8867091047568,608.8867091047568,611.5837588317679,630.0417862626415,639.8542919038115,,,,622.5916365257444,2.2012707233693916,4.759697565069415,532.7067359847721,0.0680775381450188,0.340387690725094
615,SPRINGVALE,860000,29,503.6,503.6,509.0000000000001,519.8000000000001,534.2000000000002,548.6000000000003,563.0000000000003,572.0000000000005,535.7428571428574,5.999680017065791,560.0205917724336,560.0205917724336,557.6322209382098,544.7160594584391,522.9707544202513,512.5160356247505,521.6778859563659,535.9743455398728,536.5011276729034,-4.3838610743554005,674.794370196366,674.794370196366,669.23339370605,668.9885952094139,673.7640447477655,683.8619218670859,697.1927482900597,706.4491522361621,682.0406037504147,1.0624343351705132,0.892751092626968,584.7615295220585,0.06799552668861146,0.3399776334430573
67,BERWICK,900000,181,498.17951894274415,498.17951894274415,509.57137144096663,529.8693265012591,553.7301431550561,574.8034376646078,593.9221557124424,605.1920192105988,552.1811389468108,9.779692965802012,558.187028931402,558.187028931402,564.6312308273236,568.4654212018233,580.8132341620097,596.8666085852075,612.2660626414996,621.2891924423034,586.0741112559384,4.758285989595291,632.0884622203237,632.0884622203237,642.6458729394164,660.8746111503569,681.63970709823,700.0059666355917,717.1456753889313,727.5310559650711,680.2759073425602,7.083514880083981,7.207164611827095,606.1770525151031,0.06735300583501146,0.3367650291750573
558,RESERVOIR,915000,94,505.6858900153192,505.6858900153192,507.64829390108576,512.3469372276585,513.9719050136549,528.7210965305675,545.472692962478,554.3278478848574,524.0249519336602,3.4996543295638025,556.6515740924106,556.6515740924106,561.7678338030291,564.2830721176323,575.4440219568578,595.3328616058967,609.582966362264,617.1552828594747,582.8882303996522,4.5011470362427355,673.2444802625913,673.2444802625913,673.5723266185425,693.880898699224,714.6291121671661,734.3510131728266,753.5643673713176,765.4408129626738,715.526144464906,5.909171108476309,4.6366574914276155,607.479775599406,0.06639123230594601,0.33195616152973006
562,RINGWOOD,1085500,25,531.202583502387,531.202583502387,549.0010083290911,591.2100160836483,639.690456805693,672.2467211427862,687.4382416361736,690.0752348863019,622.9806089122973,14.732083807576535,610.618561238351,610.618561238351,624.6857014224872,649.6453654426195,678.1502133640172,702.8136085003003,725.0581846957925,738.1896145053929,675.5944641669945,9.617589600702027,730.9657517746655,730.9657517746655,746.5796013651607,775.3167305569445,809.8220289446269,840.8763469164498,869.4392875573178,886.3991500988081,808.4855567448532,9.588273324547696,11.312648910942087,702.353543274715,0.06470322830720544,0.3235161415360272
142,CHELTENHAM,1256000,37,581.88,581.88,587.7,599.34,614.86,630.38,645.9,655.5999999999999,616.5228571428571,5.61907101115472,706.4649450260192,706.4649450260192,712.8370838703308,726.8615999596811,745.8788480009244,765.0533847471602,784.2585834505394,796.2657391382673,748.2314548847032,5.582030745435569,958.1889289357664,958.1889289357664,963.9324200228932,975.5065813803387,1005.3071322238045,1032.723322172491,1060.566730952388,1077.916398574616,1010.591644894614,5.185350207829218,5.462150654806503,791.7819856407249,0.06303996700961186,0.31519983504805926
126,CARLTON NORTH,1730000,20,735.7022651507767,735.7022651507767,749.093096770491,761.684465199473,784.6139246434707,804.3669397614324,824.4477714458342,836.6936760556509,785.2288770038756,6.307283558148413,906.0,906.0,915.0,933.0,957.0,981.0,1005.0,1020.0,959.5714285714286,5.582849486377846,1379.6938775510205,1379.6938775510205,1394.5408163265308,1424.234693877551,1463.826530612245,1503.418367346939,1538.0612244897964,,1450.6292517006805,4.889972683681732,5.593368576069331,1065.1431857586615,0.061568970275067136,0.3078448513753357
662,THORNBURY,1397500,24,655.5037841886766,655.5037841886766,662.0857739797541,675.6491924152538,693.7144505445942,711.7793311787157,729.8442109497144,741.1347608053569,695.6730720088665,5.774161662488197,777.5786822839916,777.5786822839916,785.3367880187641,798.0327175964273,816.7624106209407,836.5337631984221,857.0236759585515,870.1120886633489,820.197160905778,5.196126084455232,1004.7574970318972,1004.7574970318972,999.1281369523931,1015.8353039253694,1054.7727534525743,1082.8114281181133,1116.2245320061409,1135.998687584784,1058.5040484387532,5.077595261551417,5.349294336164949,858.1247604511326,0.061404276239794824,0.3070213811989741
542,PORT MELBOURNE,1635000,36,711.3174868410667,711.3174868410667,716.1760612506378,729.1876137409589,746.7714197266079,763.9639338767532,781.3013957451468,792.1396212165282,748.6939331996713,4.992219744438147,974.6332156818396,974.6332156818396,982.5421538237066,1002.1037619492572,1026.7257627538138,1051.3050969794197,1075.8844073642874,1091.2464763465068,1029.2058392712618,5.302401279423637,1177.6717407141005,1177.6717407141005,1172.4305484681418,1214.66678154188,1224.8293369453777,1248.4404479184618,1267.0603680085455,1280.11413029027,1226.459050555254,3.9778996142648264,4.757506879375536,1001.4529410087289,0.0612509444042036,0.306254722021018
724,WILLIAMSTOWN,1440000,29,621.356654866048,621.356654866048,619.4649327343654,624.6780038482734,635.6504448176563,650.766151855494,665.8818588933316,675.3291757919801,641.8753175438784,3.1966742008938183,784.97,784.97,792.4250000000001,807.335,827.2150000000001,847.0950000000003,866.9750000000004,879.4000000000005,829.3450000000003,5.350608009935577,954.5003005068614,954.5003005068614,970.066266429274,980.6659181618862,1005.3055836251158,1029.945249088345,1054.584914551574,1069.9847054660922,1009.2932768327355,5.428845865080958,4.658709358636784,826.8378647922046,0.057419296166125317,0.28709648083062655
670,TORQUAY,1200000,89,545.9130034611051,545.9130034611051,549.6293664619211,561.3902254769151,577.4475751737033,593.5049248704914,609.5622745672796,619.5981181277722,579.5779268770268,5.8085240749799425,653.8234392194366,653.8234392194366,659.5663655027815,673.824295966513,693.0090935149678,712.1938910634225,731.3786886118774,743.3691870796615,695.3092801369514,5.966530593312884,719.0921137621071,719.0921137621071,728.0449366219723,739.2820747200872,759.5977419018687,780.1181405392049,800.6387429057843,813.4641195115286,762.8911242803646,5.741187585525136,5.838747417939321,679.2594437647809,0.05660495364706508,0.2830247682353254
506,NORTHCOTE,1720000,43,704.9,704.9,712.25,726.9499999999999,746.5499999999997,766.1499999999997,785.7499999999995,797.9999999999995,748.6499999999999,5.843852267414666,849.5147894991998,849.5147894991998,853.24586058909,873.040307599538,896.5321535101192,920.2313036237261,943.9090351057575,958.7056145046188,899.3112949188643,5.537182252799033,1169.6653685959925,1169.6653685959925,1204.4441329220424,1227.0454599949671,1253.9195249395252,1297.350208033927,1325.5797703674452,1366.7320820340574,1263.5337924125654,7.429039443206537,6.270024654473413,970.4983624438097,0.05642432339789591,0.2821216169894796
151,CLAYTON,1200000,13,568.6582093646683,568.6582093646683,575.1523067243492,583.1072153367663,588.9591974280598,595.6087894393278,604.5310933432208,611.1707440608527,589.5982222424635,3.551573272753853,592.7410700918108,592.7410700918108,583.4110070318768,559.8900134323609,533.3004974411199,551.9414619885447,602.1669598410011,630.898902355504,579.1928445974597,-2.3391562276234814,759.2158863459337,759.2158863459337,770.2339748942799,793.4317665058068,820.2615911212096,843.6669619865614,865.9770965050559,879.5809804185196,818.9097511110524,7.289431428082197,2.833949491070856,662.5669393169918,0.05521391160974932,0.2760695580487466
237,ELSTERNWICK,1950000,12,720.7713540662721,720.7713540662721,719.7241982985092,737.0610192114677,755.8967342611109,774.732449310754,791.2136999791916,,749.8999091878842,3.8843257299707226,905.2279075209956,905.2279075209956,909.824516378823,927.1468251407947,950.6557801430852,974.225903634805,997.8009693126843,1012.5356851975522,953.9167981898199,5.104102450152653,1203.8973898359902,1203.8973898359902,1215.7061679478397,1239.323724171539,1270.8137991364713,1302.3038741014038,,,1246.4089910386488,3.4107264556261807,4.1330515452498515,983.4085661387843,0.050431208519937654,0.25215604259968827
65,BENTLEIGH,1687500,36,598.9961844872522,598.9961844872522,602.7615630630239,614.3732894557088,629.4415203657211,644.7157587478264,660.0447737977715,669.633557328044,631.4238067493354,5.135635038695403,734.6441461384649,734.6441461384649,747.2208145588029,761.3592802996166,783.1633147441844,804.198969853463,824.1095089791562,836.3261426544597,784.4317396040211,6.346963152037791,1007.1,1007.1,1017.75,1039.05,1067.4499999999996,1095.8499999999992,1124.2499999999989,1141.9999999999986,1070.4928571428568,5.9218384055408055,5.8014788654246665,828.7828011654045,0.049113054883875816,0.2455652744193791
245,ESSENDON,1500000,47,541.0500041752456,541.0500041752456,549.2820909435623,562.833989109652,581.7591691226917,598.9555809565119,615.1617926539022,624.999519312545,582.0060208963015,7.037043475595454,654.4936397978764,654.4936397978764,654.43044446097,668.4544127543329,686.2121658103853,704.1349422617333,721.9052213158726,733.0114206866159,688.9488924411123,5.001133323714712,870.7652592676021,870.7652592676021,867.766781388621,883.4779796122997,904.5451514763203,927.5628358992574,951.2832486353404,966.251022407344,910.236039812398,4.336323636771279,5.458166812027149,727.0636510499372,0.048470910069995814,0.24235455034997908
127,CARNEGIE,1725000,21,601.4098853691786,601.4098853691786,604.6529002129557,614.9693184225143,630.3164087995651,645.6571465784882,660.9978843574113,670.5858454692383,632.6556270299074,4.938823006667367,742.2648694422197,742.2648694422197,749.9080865084518,753.5321164409145,771.5318425306089,790.8066556430392,810.0860592671628,822.1356968393835,777.1807609531115,4.492634566516031,1001.4205938579074,1001.4205938579074,1016.9320140227925,1024.8158633772287,1051.2074767142951,1077.1238983662,1103.0403200181047,1119.2380835505453,1056.2540357010105,5.191311937256781,4.874256503480059,822.0301412280099,0.04765392123060928,0.23826960615304638
12,ALTONA,1200000,25,487.8283161962575,487.8283161962575,492.77923767435004,502.4840668129652,515.3039704858296,528.0926088904821,540.8765350095902,548.8660748631096,516.6044014189406,5.570236169812868,532.4087768335365,532.4087768335365,538.159275406681,546.582869819706,560.298473587959,574.1591271428622,587.8682366153954,596.3981334217783,562.2678418325598,5.310469989125781,585.1497781085858,585.1497781085858,590.573516559416,602.5153442883957,617.8175658501432,633.1197874118907,648.4220089736382,657.9858974497304,619.3691283774,5.5248717930873905,5.4685259840086795,566.0804572096336,0.04717337143413613,0.23586685717068065
240,ELWOOD,2542500,20,763.9626470534974,763.9626470534974,753.9402846358273,765.54816449029,788.9505809769942,804.3354113166398,821.9958249729482,828.87545668329,789.6583385899268,3.2540264923072257,1023.7134385480384,1023.7134385480384,1045.8432004307115,1061.5657127224426,1087.728682405345,1113.8916520882472,1140.0546217711494,1156.406477822963,1089.8862551126995,6.071534185722753,1637.7401755187602,1637.7401755187602,1655.428198355305,1690.8042440283948,1737.9723049258478,1785.1403658233007,,,1701.4170577303219,3.7425792766240473,4.356046651551343,1193.6538838109827,0.04694803869463059,0.23474019347315295
423,MALVERN EAST,2000000,51,621.4353370442019,621.4353370442019,623.6741421643794,633.317326862692,645.4893770242456,658.7691652012234,672.7304284375914,681.9690075924965,648.1978263324044,4.1287533220573165,777.5985277144118,777.5985277144118,783.2946821035227,790.402416325856,810.3151792476102,830.2279421693644,850.1407050911185,862.586181917215,814.9379477955855,4.58187278947767,1191.7444714654678,1191.7444714654678,1224.2653672551621,1257.1557778527908,1298.4110428312902,1330.5019182751464,1362.7765843484408,1382.8289101840935,1292.5262960303414,7.797274598930702,5.502633570155229,918.5540233861105,0.04592770116930553,0.22963850584652765
20,ARMADALE,2588000,20,790.412826005201,790.412826005201,804.7161712996312,794.204861351593,813.663482216289,833.1221030809851,852.5807239456811,864.7423619861162,821.920361412214,3.8334048998222965,1117.0382428987118,1117.0382428987118,1133.5989240581293,1126.3454526690925,1169.6085599664855,1192.5279023150651,1212.6500312428975,1253.2638967519729,1172.1475728431935,4.701569258110308,1414.3997825613214,1414.3997825613214,1426.8275187482031,1451.5607551169464,1484.538814992356,1509.2725720123549,,,1457.3198886862363,2.9451396675583004,3.826704608496969,1150.4626076472148,0.04445373290754308,0.22226866453771538
133,CAULFIELD,2080000,5,622.6368160698482,622.6368160698482,631.974760194727,642.5792062208789,658.4411974735232,673.2455717598609,688.9983799192171,696.512958699621,659.1984129053824,5.546372096739558,861.6231097940366,861.6231097940366,859.171855542947,864.9344014059182,874.3560918240416,892.4813081201511,911.780564849552,924.235743319078,884.0832964079608,2.5405057085887877,1175.3305212313412,1175.3305212313412,1184.8171160953411,1178.5131140815306,1190.8602489708398,1221.3856181427016,1251.9109873145635,1270.989343046977,1210.5438498404708,2.9088850117878917,3.665254272372079,917.9418530512712,0.044131819858234195,0.22065909929117097
476,MOUNT WAVERLEY,1595000,97,549.0934974171503,549.0934974171503,554.497132291539,565.3044020403163,579.7140950386861,594.1237880370559,608.5334810354257,617.5395391594068,581.2579907170829,5.533600193651031,657.9407645708343,657.9407645708343,662.7341258181688,674.1353975013549,690.8428821477088,708.1535879918806,725.6245882966175,736.5677969254456,693.7141633217158,5.156792327777697,793.8703746360165,793.8703746360165,795.7507043296866,811.9401516476777,832.8702154940895,853.6403073590773,874.393036874491,887.362449621597,835.689605708948,5.004158336689438,5.231516952706055,703.5539199159156,0.04410996363109189,0.22054981815545943
94,BRIGHTON EAST,2337500,42,654.0,654.0,660.0,672.0,688.0,704.0,720.0,730.0,689.7142857142857,5.178127589063788,898.601441980416,898.601441980416,917.9963156741455,927.4644084277113,952.5322926932798,976.0527333863674,999.9620246767867,1014.8399515475852,955.3498811980415,5.94006869467143,1394.47765402116,1394.47765402116,1370.4708359308638,1371.3085858060986,1407.642460227336,1442.8817155188533,1478.1209708103704,1500.1455053675686,1423.5782468117502,2.0441863912829428,4.3874608916727205,1022.8808045746924,0.043759606612821064,0.21879803306410534
306,HAWTHORN,2440000,26,711.7261782514973,711.7261782514973,717.144774257054,722.6745318085699,735.3338994679436,750.7781815369619,767.4177211365663,778.1401006731089,740.4593410188146,3.8804511167058346,928.1737474063244,928.1737474063244,931.9479803953604,954.3881991758317,977.1368506988169,1001.2516676111846,1024.851204091062,1039.735585552135,979.6407478472449,5.25366064590708,1256.229947211255,1256.229947211255,1267.7073100591524,1281.1293790077048,1318.3640166849361,1351.3447188208384,1384.3458787746697,1405.326445623472,1323.4925280260043,5.08220329094504,4.738771684519318,1014.5308722973547,0.041579134110547325,0.2078956705527366
74,BLACKBURN,1638000,28,549.1621878875069,549.1621878875069,542.3030651423292,538.5952157738428,547.6794266355818,560.5459901300194,573.8588709830697,582.2127404371683,556.3367852842168,1.2896140586937177,601.4631977256375,601.4631977256375,605.5410634349587,617.4322477369144,633.287160139522,649.1420725421297,664.9969849447373,674.906305196367,635.2527188171808,5.319067528661387,752.4257170294662,752.4257170294662,757.7216283657572,771.4790869938996,791.7096052228284,811.9401234517571,832.1706416806859,844.8147155737663,794.6087883311658,5.308659043438505,3.9724468769312034,662.0660974775211,0.04041917567017834,0.20209587835089168
86,BOX HILL,1725000,7,522.9091824990807,522.9091824990807,525.7670275424216,526.8044496565785,527.3858454423282,536.4736867811458,546.6651811961957,553.3898342093667,534.1993153324453,2.1134682335447206,643.3261117355597,643.3261117355597,645.8963279014403,645.8016087701758,647.188576555394,655.6187233310724,669.3710698496814,679.1985594045002,655.200139649689,1.8122749364000328,784.7731468128395,784.7731468128395,787.1318259683766,803.7142918547491,824.8201656585696,845.9260394623901,867.0319132662106,880.2230843935985,827.6600667738193,5.18170704165431,3.035816737199687,672.3531739186511,0.03897699558948702,0.19488497794743512
668,TOORAK,3425000,9,700.9724701945232,700.9724701945232,704.0046089530197,715.5553204266546,730.9562690581677,746.3572176896807,759.8330477422546,,726.2798223440501,3.4845181390070876,1242.1833127177429,1242.1833127177429,1251.2201401195812,1291.4609395916618,1316.1122171055033,1349.1382803771403,1379.2903182749512,1398.8739938198223,1318.3256002866292,5.77568148205053,1778.5543238237342,1778.5543238237342,1686.8101889952982,1705.3667693121874,1705.3667693121874,1705.3667693121874,1705.3667693121874,1705.3667693121874,1713.1711941971387,-3.8164971398107532,1.8145674937489549,1252.5922056092725,0.03657203520027073,0.18286017600135368
93,BRIGHTON,3341800,58,751.2244951439495,751.2244951439495,750.8259357117352,759.897525248908,775.1865159645746,790.677122889442,809.4618605125806,818.8177276697177,779.4415975915582,3.6201689176967644,1100.7770562045887,1100.7770562045887,1113.0594778352538,1138.6377503248211,1165.8767798696026,1194.4776079873645,1222.680357668159,1240.381241676595,1167.9843245094837,5.754124168842758,1587.0886380307063,1587.0886380307063,1613.688683752374,1629.9833035773133,1669.504403204584,1709.5250728390781,1749.5185103749939,1774.5127958858643,1676.260201094988,5.3196731036167195,4.897988730052081,1207.8953743986767,0.03614505279785375,0.18072526398926875
361,KEW,2745000,54,704.3532626997985,704.3532626997985,704.5436336824248,716.9684791962527,738.8555376341718,755.4010959680215,775.4063538613209,785.5667739693241,740.1564481444736,4.8372456302220295,825.0454805722084,825.0454805722084,839.717218230667,857.4041568706399,872.2921311571382,897.6598411525052,913.3905819408094,932.6478200584414,876.8796042832013,5.911201886530858,1267.1578059634646,1267.1578059634646,1314.3539040889764,1318.1366969430926,1352.7027212183798,1384.0033586679942,1417.8759795535675,1443.6417729403086,1356.8388913393978,6.6095603500430995,5.786002622265329,991.2916479223576,0.0361126283396123,0.18056314169806148
422,MALVERN,3340000,20,773.5673065527291,773.5673065527291,763.4475201062331,784.9645446625996,803.8371041703589,823.0208191651199,842.2045341598808,854.1943560316065,806.4623121212182,4.07892657525015,974.2675223859602,974.2675223859602,939.8870520973646,985.6291805390342,1009.7297285082714,1033.8302764775083,1057.930824446745,1072.993666927518,1010.609750197486,3.5960693833029125,1367.3436297866544,1367.3436297866544,1378.2498531196563,1421.76979756256,1456.2873919105184,1489.4464078151675,1522.6054237198166,,1439.2837506523956,4.998327871980233,4.2244412768444315,1085.4519376570333,0.03249856100769561,0.16249280503847804
43,BALWYN,3100000,31,603.8,603.8,609.4999999999999,620.8999999999997,636.0999999999996,651.2999999999994,666.4999999999992,675.9999999999991,637.728571428571,5.320221321206898,700.3965515174029,700.3965515174029,707.493660189411,714.6727347116519,727.6052211491033,741.9187510836334,757.138043138807,766.9012542048196,730.875173713547,4.170154260580977,984.7109505353671,984.7109505353671,962.0434142462082,968.3962576706391,991.1967056992457,1013.9971537278525,1036.7976017564595,1051.047881774339,1001.1699950585872,1.6439810026724704,3.711452194820115,789.9245800669017,0.02548143806667425,0.12740719033337125
0,ABBOTSFORD,1310000,9,,,,,,,,,,,,,,,,,,,,,,,,,,,,,,,,,,
1,ABERFELDIE,2045000,11,,,,,,,,,,,,,,,,,,,,,,,,,,,,,,,,,,
2,AINTREE,720000,39,,,,,,,,,,,,,,,,,,,,,,,,,,,,,,,,,,
3,AIREYS INLET,1312500,4,,,,,,,,,,,,,,,,,,,,,,,,,,,,,,,,,,
4,AIRPORT WEST,1000000,29,,,,,,,,,,,,,,,,,,,,,,,,,,,,,,,,,,
5,ALBANVALE,625000,23,,,,,,,,,,,,,,,,,,,,,,,,,,,,,,,,,,
6,ALBERT PARK,2046000,16,,,,,,,,,,,,,,,,,,,,,,,,,,,,,,,,,,
7,ALBION,738800,14,,,,,,,,,,,,,,,,,,,,,,,,,,,,,,,,,,
8,ALEXANDRA,680000,5,,,,,,,,,,,,,,,,,,,,,,,,,,,,,,,,,,
9,ALFREDTON,610000,83,,,,,,,,,,,,,,,,,,,,,,,,,,,,,,,,,,
10,ALLANSFORD,837500,4,,,,,,,,,,,,,,,,,,,,,,,,,,,,,,,,,,
11,ALPHINGTON,1965000,14,,,,,,,,,,,,,,,,,,,,,,,,,,,,,,,,,,
13,ALTONA EAST,950000,3,,,,,,,,,,,,,,,,,,,,,,,,,,,,,,,,,,
14,ALTONA MEADOWS,738500,20,,,,,,,,,,,,,,,,,,,,,,,,,,,,,,,,,,
15,ALTONA NORTH,1039500,44,,,,,,,,,,,,,,,,,,,,,,,,,,,,,,,,,,
16,ANGLESEA,1375000,18,,,,,,,,,,,,,,,,,,,,,,,,,,,,,,,,,,
17,APOLLO BAY,775000,6,,,,,,,,,,,,,,,,,,,,,,,,,,,,,,,,,,
18,ARARAT,377000,35,,,,,,,,,,,,,,,,,,,,,,,,,,,,,,,,,,
19,ARDEER,695000,12,,,,,,,,,,,,,,,,,,,,,,,,,,,,,,,,,,
21,ARMSTRONG CREEK,648000,129,,,,,,,,,,,,,,,,,,,,,,,,,,,,,,,,,,
22,ASCOT (GREATER BENDIGO),622500,14,,,,,,,,,,,,,,,,,,,,,,,,,,,,,,,,,,
23,ASCOT VALE,1357500,45,,,,,,,,,,,,,,,,,,,,,,,,,,,,,,,,,,
24,ASHBURTON,1851000,30,,,,,,,,,,,,,,,,,,,,,,,,,,,,,,,,,,
25,ASHWOOD,1510000,17,,,,,,,,,,,,,,,,,,,,,,,,,,,,,,,,,,
26,ASPENDALE,1339300,14,,,,,,,,,,,,,,,,,,,,,,,,,,,,,,,,,,
27,ASPENDALE GARDENS,1225000,14,,,,,,,,,,,,,,,,,,,,,,,,,,,,,,,,,,
28,ATTWOOD,700000,7,,,,,,,,,,,,,,,,,,,,,,,,,,,,,,,,,,
29,AVENEL,569000,2,,,,,,,,,,,,,,,,,,,,,,,,,,,,,,,,,,
30,AVOCA,380000,9,,,,,,,,,,,,,,,,,,,,,,,,,,,,,,,,,,
31,AVONDALE HEIGHTS,932500,34,,,,,,,,,,,,,,,,,,,,,,,,,,,,,,,,,,
32,BACCHUS MARSH,620000,40,,,,,,,,,,,,,,,,,,,,,,,,,,,,,,,,,,
33,BADGER CREEK,697500,6,,,,,,,,,,,,,,,,,,,,,,,,,,,,,,,,,,
35,BALACLAVA,1450000,5,,,,,,,,,,,,,,,,,,,,,,,,,,,,,,,,,,
36,BALCOMBE,1580000,34,,,,,,,,,,,,,,,,,,,,,,,,,,,,,,,,,,
37,BALLAN,622500,12,,,,,,,,,,,,,,,,,,,,,,,,,,,,,,,,,,
38,BALLARAT CENTRAL,635000,34,,,,,,,,,,,,,,,,,,,,,,,,,,,,,,,,,,
39,BALLARAT EAST,500000,29,,,,,,,,,,,,,,,,,,,,,,,,,,,,,,,,,,
40,BALLARAT NORTH,515000,28,,,,,,,,,,,,,,,,,,,,,,,,,,,,,,,,,,
41,BALNARRING,1320000,6,,,,,,,,,,,,,,,,,,,,,,,,,,,,,,,,,,
42,BALNARRING BEACH,1187500,4,,,,,,,,,,,,,,,,,,,,,,,,,,,,,,,,,,
44,BALWYN NORTH,2325000,56,,,,,,,,,,,,,,,,,,,,,,,,,,,,,,,,,,
45,BANDIANA,629000,3,,,,,,,,,,,,,,,,,,,,,,,,,,,,,,,,,,
46,BANNOCKBURN,699000,17,,,,,,,,,,,,,,,,,,,,,,,,,,,,,,,,,,
47,BARANDUDA,615000,10,,,,,,,,,,,,,,,,,,,,,,,,,,,,,,,,,,
48,BARWON HEADS,1465000,16,,,,,,,,,,,,,,,,,,,,,,,,,,,,,,,,,,
49,BAXTER,752500,12,,,,,,,,,,,,,,,,,,,,,,,,,,,,,,,,,,
51,BAYSWATER NORTH,910000,21,,,,,,,,,,,,,,,,,,,,,,,,,,,,,,,,,,
52,BEACONSFIELD,815000,25,,,,,,,,,,,,,,,,,,,,,,,,,,,,,,,,,,
53,BEAUFORT,395000,9,,,,,,,,,,,,,,,,,,,,,,,,,,,,,,,,,,
54,BEAUMARIS,1943000,35,,,,,,,,,,,,,,,,,,,,,,,,,,,,,,,,,,
55,BEEAC,460000,2,,,,,,,,,,,,,,,,,,,,,,,,,,,,,,,,,,
56,BEECHWORTH,790000,19,,,,,,,,,,,,,,,,,,,,,,,,,,,,,,,,,,
57,BELGRAVE,860000,11,,,,,,,,,,,,,,,,,,,,,,,,,,,,,,,,,,
58,BELGRAVE HEIGHTS,1053100,4,,,,,,,,,,,,,,,,,,,,,,,,,,,,,,,,,,
59,BELL PARK,645000,25,,,,,,,,,,,,,,,,,,,,,,,,,,,,,,,,,,
60,BELL POST HILL,650000,25,,,,,,,,,,,,,,,,,,,,,,,,,,,,,,,,,,
61,BELLFIELD (BANYULE),1090000,7,,,,,,,,,,,,,,,,,,,,,,,,,,,,,,,,,,
62,BELMONT,670000,62,,,,,,,,,,,,,,,,,,,,,,,,,,,,,,,,,,
66,BENTLEIGH EAST,1440500,72,,,,,,,,,,,,,,,,,,,,,,,,,,,,,,,,,,
68,BEVERIDGE,615000,60,,,,,,,,,,,,,,,,,,,,,,,,,,,,,,,,,,
69,BIRCHIP,282500,2,,,,,,,,,,,,,,,,,,,,,,,,,,,,,,,,,,
70,BIRREGURRA,605000,5,,,,,,,,,,,,,,,,,,,,,,,,,,,,,,,,,,
71,BITTERN,880000,13,,,,,,,,,,,,,,,,,,,,,,,,,,,,,,,,,,
72,BLACK HILL,527500,12,,,,,,,,,,,,,,,,,,,,,,,,,,,,,,,,,,
73,BLACK ROCK,2590000,11,,,,,,,,,,,,,,,,,,,,,,,,,,,,,,,,,,
75,BLACKBURN NORTH,1399000,21,,,,,,,,,,,,,,,,,,,,,,,,,,,,,,,,,,
76,BLACKBURN SOUTH,1422300,18,,,,,,,,,,,,,,,,,,,,,,,,,,,,,,,,,,
77,BLAIRGOWRIE,1300000,33,,,,,,,,,,,,,,,,,,,,,,,,,,,,,,,,,,
78,BLIND BIGHT,830000,5,,,,,,,,,,,,,,,,,,,,,,,,,,,,,,,,,,
79,BONBEACH,1035000,15,,,,,,,,,,,,,,,,,,,,,,,,,,,,,,,,,,
80,BONNIE BROOK,647900,27,,,,,,,,,,,,,,,,,,,,,,,,,,,,,,,,,,
81,BONNIE DOON,718800,2,,,,,,,,,,,,,,,,,,,,,,,,,,,,,,,,,,
82,BONSHAW,545000,11,,,,,,,,,,,,,,,,,,,,,,,,,,,,,,,,,,
83,BOORT,270000,3,,,,,,,,,,,,,,,,,,,,,,,,,,,,,,,,,,
85,BOTANIC RIDGE,910000,49,,,,,,,,,,,,,,,,,,,,,,,,,,,,,,,,,,
87,BOX HILL NORTH,1342000,23,,,,,,,,,,,,,,,,,,,,,,,,,,,,,,,,,,
88,BOX HILL SOUTH,1350000,19,,,,,,,,,,,,,,,,,,,,,,,,,,,,,,,,,,
89,BRAYBROOK,770000,19,,,,,,,,,,,,,,,,,,,,,,,,,,,,,,,,,,
90,BREAKWATER,500000,5,,,,,,,,,,,,,,,,,,,,,,,,,,,,,,,,,,
91,BRIAR HILL,1190500,13,,,,,,,,,,,,,,,,,,,,,,,,,,,,,,,,,,
92,BRIGHT,850000,9,,,,,,,,,,,,,,,,,,,,,,,,,,,,,,,,,,
95,BROADFORD,559300,16,,,,,,,,,,,,,,,,,,,,,,,,,,,,,,,,,,
96,BROADMEADOWS,615000,26,,,,,,,,,,,,,,,,,,,,,,,,,,,,,,,,,,
97,BROOKFIELD,565000,59,,,,,,,,,,,,,,,,,,,,,,,,,,,,,,,,,,
98,BROOKLYN,857500,6,,,,,,,,,,,,,,,,,,,,,,,,,,,,,,,,,,
99,BROWN HILL,610000,26,,,,,,,,,,,,,,,,,,,,,,,,,,,,,,,,,,
101,BRUNSWICK EAST,1650000,23,,,,,,,,,,,,,,,,,,,,,,,,,,,,,,,,,,
102,BRUNSWICK WEST,1282500,27,,,,,,,,,,,,,,,,,,,,,,,,,,,,,,,,,,
103,BULLEEN,1350000,27,,,,,,,,,,,,,,,,,,,,,,,,,,,,,,,,,,
104,BUNDALONG,750000,0,,,,,,,,,,,,,,,,,,,,,,,,,,,,,,,,,,
105,BUNDOORA,882000,69,,,,,,,,,,,,,,,,,,,,,,,,,,,,,,,,,,
106,BUNINYONG,725000,17,,,,,,,,,,,,,,,,,,,,,,,,,,,,,,,,,,
107,BUNYIP,758000,4,,,,,,,,,,,,,,,,,,,,,,,,,,,,,,,,,,
108,BURNLEY,1105000,4,,,,,,,,,,,,,,,,,,,,,,,,,,,,,,,,,,
109,BURNSIDE,860000,13,,,,,,,,,,,,,,,,,,,,,,,,,,,,,,,,,,
110,BURNSIDE HEIGHTS,730000,16,,,,,,,,,,,,,,,,,,,,,,,,,,,,,,,,,,
111,BURWOOD,1594400,24,,,,,,,,,,,,,,,,,,,,,,,,,,,,,,,,,,
112,BURWOOD EAST,1318000,30,,,,,,,,,,,,,,,,,,,,,,,,,,,,,,,,,,
113,CAIRNLEA,897000,18,,,,,,,,,,,,,,,,,,,,,,,,,,,,,,,,,,
114,CALIFORNIA GULLY,450000,17,,,,,,,,,,,,,,,,,,,,,,,,,,,,,,,,,,
115,CAMBERWELL,2688900,59,,,,,,,,,,,,,,,,,,,,,,,,,,,,,,,,,,
116,CAMPBELLFIELD,643000,15,,,,,,,,,,,,,,,,,,,,,,,,,,,,,,,,,,
117,CAMPBELLS CREEK,780000,7,,,,,,,,,,,,,,,,,,,,,,,,,,,,,,,,,,
118,CAMPERDOWN,461300,12,,,,,,,,,,,,,,,,,,,,,,,,,,,,,,,,,,
119,CANADIAN,550000,26,,,,,,,,,,,,,,,,,,,,,,,,,,,,,,,,,,
120,CANTERBURY,4167500,22,,,,,,,,,,,,,,,,,,,,,,,,,,,,,,,,,,
121,CAPE PATERSON,692500,14,,,,,,,,,,,,,,,,,,,,,,,,,,,,,,,,,,
122,CAPEL SOUND,705000,23,,,,,,,,,,,,,,,,,,,,,,,,,,,,,,,,,,
123,CARDIGAN VILLAGE,410000,5,,,,,,,,,,,,,,,,,,,,,,,,,,,,,,,,,,
124,CARISBROOK,432500,2,,,,,,,,,,,,,,,,,,,,,,,,,,,,,,,,,,
125,CARLTON,1360000,18,,,,,,,,,,,,,,,,,,,,,,,,,,,,,,,,,,
128,CAROLINE SPRINGS,750000,59,,,,,,,,,,,,,,,,,,,,,,,,,,,,,,,,,,
129,CARRUM,881000,5,,,,,,,,,,,,,,,,,,,,,,,,,,,,,,,,,,
130,CARRUM DOWNS,745000,97,,,,,,,,,,,,,,,,,,,,,,,,,,,,,,,,,,
131,CASTERTON,375000,5,,,,,,,,,,,,,,,,,,,,,,,,,,,,,,,,,,
134,CAULFIELD EAST,1819000,2,,,,,,,,,,,,,,,,,,,,,,,,,,,,,,,,,,
135,CAULFIELD NORTH,2450000,19,,,,,,,,,,,,,,,,,,,,,,,,,,,,,,,,,,
136,CAULFIELD SOUTH,1755000,19,,,,,,,,,,,,,,,,,,,,,,,,,,,,,,,,,,
137,CHADSTONE,1200000,11,,,,,,,,,,,,,,,,,,,,,,,,,,,,,,,,,,
138,CHARLEMONT,600000,31,,,,,,,,,,,,,,,,,,,,,,,,,,,,,,,,,,
139,CHARLTON,265000,5,,,,,,,,,,,,,,,,,,,,,,,,,,,,,,,,,,
140,CHELSEA,980000,13,,,,,,,,,,,,,,,,,,,,,,,,,,,,,,,,,,
141,CHELSEA HEIGHTS,970000,17,,,,,,,,,,,,,,,,,,,,,,,,,,,,,,,,,,
143,CHELTENHAM EAST,1220000,19,,,,,,,,,,,,,,,,,,,,,,,,,,,,,,,,,,
144,CHELTENHAM NORTH,1100000,11,,,,,,,,,,,,,,,,,,,,,,,,,,,,,,,,,,
145,CHEWTON,600000,5,,,,,,,,,,,,,,,,,,,,,,,,,,,,,,,,,,
146,CHILTERN,465000,5,,,,,,,,,,,,,,,,,,,,,,,,,,,,,,,,,,
147,CHIRNSIDE PARK,900000,46,,,,,,,,,,,,,,,,,,,,,,,,,,,,,,,,,,
148,CHUM CREEK,761000,0,,,,,,,,,,,,,,,,,,,,,,,,,,,,,,,,,,
149,CHURCHILL,379000,15,,,,,,,,,,,,,,,,,,,,,,,,,,,,,,,,,,
150,CLARINDA,1107000,17,,,,,,,,,,,,,,,,,,,,,,,,,,,,,,,,,,
152,CLAYTON NORTH,1268800,4,,,,,,,,,,,,,,,,,,,,,,,,,,,,,,,,,,
153,CLAYTON SOUTH,986000,8,,,,,,,,,,,,,,,,,,,,,,,,,,,,,,,,,,
154,CLEMATIS,955000,1,,,,,,,,,,,,,,,,,,,,,,,,,,,,,,,,,,
155,CLIFTON HILL,1775000,17,,,,,,,,,,,,,,,,,,,,,,,,,,,,,,,,,,
156,CLIFTON SPRINGS,640500,42,,,,,,,,,,,,,,,,,,,,,,,,,,,,,,,,,,
157,CLUNES,440000,3,,,,,,,,,,,,,,,,,,,,,,,,,,,,,,,,,,
158,CLYDE,689500,131,,,,,,,,,,,,,,,,,,,,,,,,,,,,,,,,,,
159,CLYDE NORTH,745000,219,,,,,,,,,,,,,,,,,,,,,,,,,,,,,,,,,,
160,COBBLEBANK,618800,28,,,,,,,,,,,,,,,,,,,,,,,,,,,,,,,,,,
161,COBDEN,367500,7,,,,,,,,,,,,,,,,,,,,,,,,,,,,,,,,,,
162,COBRAM,432500,30,,,,,,,,,,,,,,,,,,,,,,,,,,,,,,,,,,
163,COBURG,1250000,55,,,,,,,,,,,,,,,,,,,,,,,,,,,,,,,,,,
164,COBURG EAST,1015000,12,,,,,,,,,,,,,,,,,,,,,,,,,,,,,,,,,,
165,COBURG NORTH,975000,11,,,,,,,,,,,,,,,,,,,,,,,,,,,,,,,,,,
166,COCKATOO,725000,20,,,,,,,,,,,,,,,,,,,,,,,,,,,,,,,,,,
167,COHUNA,362500,12,,,,,,,,,,,,,,,,,,,,,,,,,,,,,,,,,,
168,COLAC,460000,31,,,,,,,,,,,,,,,,,,,,,,,,,,,,,,,,,,
169,COLDSTREAM,800000,5,,,,,,,,,,,,,,,,,,,,,,,,,,,,,,,,,,
170,COLERAINE,245000,7,,,,,,,,,,,,,,,,,,,,,,,,,,,,,,,,,,
171,COLLINGWOOD,1200000,9,,,,,,,,,,,,,,,,,,,,,,,,,,,,,,,,,,
172,CONNEWARRE,1925000,5,,,,,,,,,,,,,,,,,,,,,,,,,,,,,,,,,,
173,COOLAROO,601500,10,,,,,,,,,,,,,,,,,,,,,,,,,,,,,,,,,,
174,COONANS HILL,1545000,2,,,,,,,,,,,,,,,,,,,,,,,,,,,,,,,,,,
175,CORINELLA,635000,9,,,,,,,,,,,,,,,,,,,,,,,,,,,,,,,,,,
177,CORONET BAY,535000,18,,,,,,,,,,,,,,,,,,,,,,,,,,,,,,,,,,
178,CORRYONG,440000,7,,,,,,,,,,,,,,,,,,,,,,,,,,,,,,,,,,
179,COWES,775000,13,,,,,,,,,,,,,,,,,,,,,,,,,,,,,,,,,,
180,COWES WEST,665000,43,,,,,,,,,,,,,,,,,,,,,,,,,,,,,,,,,,
183,CRANBOURNE EAST,722500,92,,,,,,,,,,,,,,,,,,,,,,,,,,,,,,,,,,
184,CRANBOURNE NORTH,732500,70,,,,,,,,,,,,,,,,,,,,,,,,,,,,,,,,,,
185,CRANBOURNE SOUTH,700000,17,,,,,,,,,,,,,,,,,,,,,,,,,,,,,,,,,,
186,CRANBOURNE WEST,700000,87,,,,,,,,,,,,,,,,,,,,,,,,,,,,,,,,,,
187,CREMORNE,1310000,7,,,,,,,,,,,,,,,,,,,,,,,,,,,,,,,,,,
188,CRESWICK,575000,19,,,,,,,,,,,,,,,,,,,,,,,,,,,,,,,,,,
189,CRIB POINT,710000,7,,,,,,,,,,,,,,,,,,,,,,,,,,,,,,,,,,
190,CROYDON,900000,62,,,,,,,,,,,,,,,,,,,,,,,,,,,,,,,,,,
191,CROYDON HILLS,1128100,14,,,,,,,,,,,,,,,,,,,,,,,,,,,,,,,,,,
192,CROYDON NORTH,968000,21,,,,,,,,,,,,,,,,,,,,,,,,,,,,,,,,,,
193,CROYDON SOUTH,917000,13,,,,,,,,,,,,,,,,,,,,,,,,,,,,,,,,,,
194,CURLEWIS,640800,22,,,,,,,,,,,,,,,,,,,,,,,,,,,,,,,,,,
195,DALLAS,525000,15,,,,,,,,,,,,,,,,,,,,,,,,,,,,,,,,,,
196,DALYSTON,553500,8,,,,,,,,,,,,,,,,,,,,,,,,,,,,,,,,,,
198,DANDENONG NORTH,750000,69,,,,,,,,,,,,,,,,,,,,,,,,,,,,,,,,,,
199,DARLEY,645000,50,,,,,,,,,,,,,,,,,,,,,,,,,,,,,,,,,,
200,DAYLESFORD,952500,16,,,,,,,,,,,,,,,,,,,,,,,,,,,,,,,,,,
201,DEANSIDE,669500,46,,,,,,,,,,,,,,,,,,,,,,,,,,,,,,,,,,
202,DEEPDENE,3481300,4,,,,,,,,,,,,,,,,,,,,,,,,,,,,,,,,,,
203,DEER PARK,671000,48,,,,,,,,,,,,,,,,,,,,,,,,,,,,,,,,,,
204,DELACOMBE,513500,44,,,,,,,,,,,,,,,,,,,,,,,,,,,,,,,,,,
205,DELAHEY,671000,16,,,,,,,,,,,,,,,,,,,,,,,,,,,,,,,,,,
206,DENNINGTON,617300,8,,,,,,,,,,,,,,,,,,,,,,,,,,,,,,,,,,
207,Derrimut,805000,10,,,,,,,,,,,,,,,,,,,,,,,,,,,,,,,,,,
208,DIAMOND CREEK,1025000,33,,,,,,,,,,,,,,,,,,,,,,,,,,,,,,,,,,
209,DIGGERS REST,610000,30,,,,,,,,,,,,,,,,,,,,,,,,,,,,,,,,,,
210,DIMBOOLA,250000,7,,,,,,,,,,,,,,,,,,,,,,,,,,,,,,,,,,
211,DINGLEY VILLAGE,1055000,27,,,,,,,,,,,,,,,,,,,,,,,,,,,,,,,,,,
212,DONALD,260000,5,,,,,,,,,,,,,,,,,,,,,,,,,,,,,,,,,,
213,DONCASTER,1540000,55,,,,,,,,,,,,,,,,,,,,,,,,,,,,,,,,,,
214,DONCASTER EAST,1486000,53,,,,,,,,,,,,,,,,,,,,,,,,,,,,,,,,,,
215,DONNYBROOK,651300,110,,,,,,,,,,,,,,,,,,,,,,,,,,,,,,,,,,
216,DONVALE,1460000,19,,,,,,,,,,,,,,,,,,,,,,,,,,,,,,,,,,
217,DOREEN,770500,114,,,,,,,,,,,,,,,,,,,,,,,,,,,,,,,,,,
218,DOVETON,610000,37,,,,,,,,,,,,,,,,,,,,,,,,,,,,,,,,,,
219,DROMANA,962500,54,,,,,,,,,,,,,,,,,,,,,,,,,,,,,,,,,,
220,DROUIN,622500,90,,,,,,,,,,,,,,,,,,,,,,,,,,,,,,,,,,
221,DRYSDALE,620000,15,,,,,,,,,,,,,,,,,,,,,,,,,,,,,,,,,,
222,EAGLE POINT,540000,5,,,,,,,,,,,,,,,,,,,,,,,,,,,,,,,,,,
223,EAGLEHAWK,527500,31,,,,,,,,,,,,,,,,,,,,,,,,,,,,,,,,,,
224,EAGLEMONT,2805000,6,,,,,,,,,,,,,,,,,,,,,,,,,,,,,,,,,,
225,EAST BAIRNSDALE,335000,8,,,,,,,,,,,,,,,,,,,,,,,,,,,,,,,,,,
226,EAST BENDIGO,502500,12,,,,,,,,,,,,,,,,,,,,,,,,,,,,,,,,,,
227,EAST GEELONG,746300,14,,,,,,,,,,,,,,,,,,,,,,,,,,,,,,,,,,
228,EAST MELBOURNE,1696000,2,,,,,,,,,,,1366.9808184782464,1366.9808184782464,1380.1583364650228,1397.7380250698948,,,,,1381.6257266710545,1.0599765124592844,,,,,,,,,,,,,,
229,EAST WARBURTON,600000,3,,,,,,,,,,,,,,,,,,,,,,,,,,,,,,,,,,
230,EASTWOOD,632500,14,,,,,,,,,,,,,,,,,,,,,,,,,,,,,,,,,,
232,EDENHOPE,307500,4,,,,,,,,,,,,,,,,,,,,,,,,,,,,,,,,,,
233,EDITHVALE,1379900,10,,,,,,,,,,,,,,,,,,,,,,,,,,,,,,,,,,
234,EILDON,490000,3,,,,,,,,,,,,,,,,,,,,,,,,,,,,,,,,,,
235,ELLIMINYT,612500,7,,,,,,,,,,,,,,,,,,,,,,,,,,,,,,,,,,
236,ELMORE,455000,5,,,,,,,,,,,,,,,,,,,,,,,,,,,,,,,,,,
238,ELTHAM,1200000,45,,,,,,,,,,,,,,,,,,,,,,,,,,,,,,,,,,
239,ELTHAM NORTH,1216000,16,,,,,,,,,,,,,,,,,,,,,,,,,,,,,,,,,,
241,EMERALD,928500,18,,,,,,,,,,,,,,,,,,,,,,,,,,,,,,,,,,
242,ENDEAVOUR HILLS,802500,56,,,,,,,,,,,,,,,,,,,,,,,,,,,,,,,,,,
243,EPPING,652000,87,,,,,,,,,,,,,,,,,,,,,,,,,,,,,,,,,,
244,EPSOM,585000,28,,,,,,,,,,,,,,,,,,,,,,,,,,,,,,,,,,
246,ESSENDON NORTH,1180000,5,,,,,,,,,,,,,,,,,,,,,,,,,,,,,,,,,,
247,ESSENDON WEST,1525000,5,,,,,,,,,,,,,,,,,,,,,,,,,,,,,,,,,,
248,EUMEMMERRING,690000,3,,,,,,,,,,,,,,,,,,,,,,,,,,,,,,,,,,
249,EUREKA,570000,5,,,,,,,,,,,,,,,,,,,,,,,,,,,,,,,,,,
250,EUROA,480000,13,,,,,,,,,,,,,,,,,,,,,,,,,,,,,,,,,,
251,EYNESBURY,750000,19,,,,,,,,,,,,,,,,,,,,,,,,,,,,,,,,,,
252,FAIRFIELD,1647000,17,,,,,,,,,,,,,,,,,,,,,,,,,,,,,,,,,,
253,FAIRHAVEN,1906500,2,,,,,,,,,,,,,,,,,,,,,,,,,,,,,,,,,,
254,FAWKNER,805000,37,,,,,,,,,,,,,,,,,,,,,,,,,,,,,,,,,,
256,FERNY CREEK,1012000,5,,,,,,,,,,,,,,,,,,,,,,,,,,,,,,,,,,
257,FINGAL,1242500,2,,,,,,,,,,,,,,,,,,,,,,,,,,,,,,,,,,
258,FITZROY,1600000,24,795.4,795.4,803.5,819.6999999999999,841.2999999999997,862.8999999999997,884.4999999999995,897.9999999999995,843.6142857142856,5.715204985352136,1087.7,1087.7,1099.25,1122.3500000000004,1153.1500000000003,1183.9500000000007,1214.7500000000007,1234.000000000001,1156.4500000000005,5.944917635868427,,,,,,,,,,,,,,
259,FITZROY NORTH,1415000,35,,,,,,,,,,,,,,,,,,,,,,,,,,,,,,,,,,
260,FIVEWAYS,875000,3,,,,,,,,,,,,,,,,,,,,,,,,,,,,,,,,,,
261,FLEMINGTON,1140300,18,,,,,,,,,,,,,,,,,,,,,,,,,,,,,,,,,,
262,FLINDERS,3250000,2,,,,,,,,,,,,,,,,,,,,,,,,,,,,,,,,,,
263,FLORA HILL,520500,20,,,,,,,,,,,,,,,,,,,,,,,,,,,,,,,,,,
265,FOREST HILL,1220000,23,,,,,,,,,,,,,,,,,,,,,,,,,,,,,,,,,,
266,FOSTER,485000,9,,,,,,,,,,,,,,,,,,,,,,,,,,,,,,,,,,
268,FRANKSTON NORTH,625000,28,,,,,,,,,,,,,,,,,,,,,,,,,,,,,,,,,,
269,FRANKSTON SOUTH,1200000,67,,,,,,,,,,,,,,,,,,,,,,,,,,,,,,,,,,
270,FRASER RISE,694000,98,,,,,,,,,,,,,,,,,,,,,,,,,,,,,,,,,,
271,FYANSFORD,965000,7,,,,,,,,,,,,,,,,,,,,,,,,,,,,,,,,,,
272,GARDEN CITY,2100000,7,,,,,,,,,,,,,,,,,,,,,,,,,,,,,,,,,,
273,GARDENVALE,2221000,5,,,,,,,,,,,,,,,,,,,,,,,,,,,,,,,,,,
274,GARFIELD,862500,2,,,,,,,,,,,,,,,,,,,,,,,,,,,,,,,,,,
275,GEELONG,915000,14,,,,,,,,,,,,,,,,,,,,,,,,,,,,,,,,,,
276,GEELONG WEST,915000,16,,,,,,,,,,,,,,,,,,,,,,,,,,,,,,,,,,
277,GEMBROOK,1012300,4,,,,,,,,,,,,,,,,,,,,,,,,,,,,,,,,,,
278,GISBORNE,1042500,36,,,,,,,,,,,,,,,,,,,,,,,,,,,,,,,,,,
279,GLADSTONE PARK,805000,23,,,,,,,,,,,,,,,,,,,,,,,,,,,,,,,,,,
280,GLEN HUNTLY,1907000,3,,,,,,,,,,,,,,,,,,,,,,,,,,,,,,,,,,
281,GLEN IRIS,2177500,48,,,,,,,,,,,,,,,,,,,,,,,,,,,,,,,,,,
282,GLEN WAVERLEY,1632900,86,,,,,,,,,,,,,,,,,,,,,,,,,,,,,,,,,,
283,GLENROWAN,580000,6,,,,,,,,,,,,,,,,,,,,,,,,,,,,,,,,,,
284,GLENROY,860000,57,,,,,,,,,,,,,,,,,,,,,,,,,,,,,,,,,,
285,GOLDEN BEACH,335000,6,,,,,,,,,,,,,,,,,,,,,,,,,,,,,,,,,,
286,GOLDEN POINT (BALLARAT),476000,21,,,,,,,,,,,,,,,,,,,,,,,,,,,,,,,,,,
287,GOLDEN SQUARE,525000,47,,,,,,,,,,,,,,,,,,,,,,,,,,,,,,,,,,
288,GORDON,627500,4,,,,,,,,,,,,,,,,,,,,,,,,,,,,,,,,,,
289,GOWANBRAE,992500,6,,,,,,,,,,,,,,,,,,,,,,,,,,,,,,,,,,
290,GRANTVILLE,588000,9,,,,,,,,,,,,,,,,,,,,,,,,,,,,,,,,,,
291,GREEN LAKE,556000,4,,,,,,,,,,,,,,,,,,,,,,,,,,,,,,,,,,
292,GREENSBOROUGH,1005200,52,,,,,,,,,,,,,,,,,,,,,,,,,,,,,,,,,,
293,GREENVALE,867500,82,,,,,,,,,,,,,,,,,,,,,,,,,,,,,,,,,,
294,GROVEDALE,650000,62,,,,,,,,,,,,,,,,,,,,,,,,,,,,,,,,,,
295,HADFIELD,901000,29,,,,,,,,,,,,,,,,,,,,,,,,,,,,,,,,,,
296,HALLAM,745000,27,,,,,,,,,,,,,,,,,,,,,,,,,,,,,,,,,,
297,HALLS GAP,582500,0,,,,,,,,,,,,,,,,,,,,,,,,,,,,,,,,,,
299,HAMLYN HEIGHTS,750000,35,,,,,,,,,,,,,,,,,,,,,,,,,,,,,,,,,,
300,HAMPTON,2305000,46,,,,,,,,,,,,,,,,,,,,,,,,,,,,,,,,,,
301,HAMPTON EAST,1459000,11,,,,,,,,,,,,,,,,,,,,,,,,,,,,,,,,,,
302,HAMPTON PARK,660000,87,,,,,,,,,,,,,,,,,,,,,,,,,,,,,,,,,,
303,HARKNESS,563000,57,,,,,,,,,,,,,,,,,,,,,,,,,,,,,,,,,,
304,HASTINGS,672500,22,,,,,,,,,,,,,,,,,,,,,,,,,,,,,,,,,,
305,HASTINGS WEST,652500,5,,,,,,,,,,,,,,,,,,,,,,,,,,,,,,,,,,
307,HAWTHORN EAST,2558000,38,,,,,,,,,,,,,,,,,,,,,,,,,,,,,,,,,,
308,HEALESVILLE,805000,18,,,,,,,,,,,,,,,,,,,,,,,,,,,,,,,,,,
309,HEATHCOTE,468000,12,,,,,,,,,,,,,,,,,,,,,,,,,,,,,,,,,,
310,HEATHERTON,1050000,7,,,,,,,,,,,,,,,,,,,,,,,,,,,,,,,,,,
311,HEATHMONT,1115000,22,,,,,,,,,,,,,,,,,,,,,,,,,,,,,,,,,,
312,HEIDELBERG,1375000,14,,,,,,,,,,,,,,,,,,,,,,,,,,,,,,,,,,
313,HEIDELBERG HEIGHTS,891500,16,,,,,,,,,,,,,,,,,,,,,,,,,,,,,,,,,,
314,HEIDELBERG WEST,830000,11,,,,,,,,,,,,,,,,,,,,,,,,,,,,,,,,,,
315,HEPBURN,490000,1,,,,,,,,,,,,,,,,,,,,,,,,,,,,,,,,,,
316,HEPBURN SPRINGS,825000,2,,,,,,,,,,,,,,,,,,,,,,,,,,,,,,,,,,
317,HERNE HILL,710000,16,,,,,,,,,,,,,,,,,,,,,,,,,,,,,,,,,,
318,HEYFIELD,400000,16,,,,,,,,,,,,,,,,,,,,,,,,,,,,,,,,,,
319,HEYWOOD,322500,6,,,,,,,,,,,,,,,,,,,,,,,,,,,,,,,,,,
320,HIGHETT,1426000,30,,,,,,,,,,,,,,,,,,,,,,,,,,,,,,,,,,
321,HIGHTON,850000,61,,,,,,,,,,,,,,,,,,,,,,,,,,,,,,,,,,
322,HILLSIDE (MELTON),825000,39,,,,,,,,,,,,,,,,,,,,,,,,,,,,,,,,,,
323,HOPETOUN,162500,2,,,,,,,,,,,,,,,,,,,,,,,,,,,,,,,,,,
324,HOPPERS CROSSING,620000,140,,,,,,,,,,,,,,,,,,,,,,,,,,,,,,,,,,
326,HUGHESDALE,1440000,13,,,,,,,,,,,,,,,,,,,,,,,,,,,,,,,,,,
327,HUNTINGDALE,1260500,4,,,,,,,,,,,,,,,,,,,,,,,,,,,,,,,,,,
328,HUNTLY,549000,24,,,,,,,,,,,,,,,,,,,,,,,,,,,,,,,,,,
329,HURSTBRIDGE,990000,7,,,,,,,,,,,,,,,,,,,,,,,,,,,,,,,,,,
330,INDENTED HEAD,730000,10,,,,,,,,,,,,,,,,,,,,,,,,,,,,,,,,,,
331,INGLEWOOD,425000,3,,,,,,,,,,,,,,,,,,,,,,,,,,,,,,,,,,
332,INVERLOCH,825000,49,,,,,,,,,,,,,,,,,,,,,,,,,,,,,,,,,,
333,INVERMAY PARK,605000,9,,,,,,,,,,,,,,,,,,,,,,,,,,,,,,,,,,
334,IRONBARK,475000,6,,,,,,,,,,,,,,,,,,,,,,,,,,,,,,,,,,
335,IRYMPLE,645000,20,,,,,,,,,,,,,,,,,,,,,,,,,,,,,,,,,,
336,IVANHOE,2115000,22,,,,,,,,,,,,,,,,,,,,,,,,,,,,,,,,,,
337,IVANHOE EAST,2355000,9,,,,,,,,,,,,,,,,,,,,,,,,,,,,,,,,,,
338,JACANA,623500,12,,,,,,,,,,,,,,,,,,,,,,,,,,,,,,,,,,
339,JACKASS FLAT,545000,7,,,,,,,,,,,,,,,,,,,,,,,,,,,,,,,,,,
340,JAN JUC,1232500,14,,,,,,,,,,,,,,,,,,,,,,,,,,,,,,,,,,
341,JEERALANG NORTH,410000,3,,,,,,,,,,,,,,,,,,,,,,,,,,,,,,,,,,
342,JEPARIT,191500,2,,,,,,,,,,,,,,,,,,,,,,,,,,,,,,,,,,
343,JUNCTION VILLAGE,665000,7,,,,,,,,,,,,,,,,,,,,,,,,,,,,,,,,,,
344,JUNORTOUN,806000,13,,,,,,,,,,,,,,,,,,,,,,,,,,,,,,,,,,
345,KALIMNA,557500,2,,,,,,,,,,,,,,,,,,,,,,,,,,,,,,,,,,
346,KALKALLO,630000,79,,,,,,,,,,,,,,,,,,,,,,,,,,,,,,,,,,
347,KALLISTA,900000,7,,,,,,,,,,,,,,,,,,,,,,,,,,,,,,,,,,
348,KALORAMA,815000,2,,,,,,,,,,,,,,,,,,,,,,,,,,,,,,,,,,
349,KANGAROO FLAT,556300,72,,,,,,,,,,,,,,,,,,,,,,,,,,,,,,,,,,
350,KANGAROO GROUND SOUTH,1001000,5,,,,,,,,,,,,,,,,,,,,,,,,,,,,,,,,,,
351,KANIVA,156000,3,,,,,,,,,,,,,,,,,,,,,,,,,,,,,,,,,,
352,KEALBA,707500,8,,,,,,,,,,,,,,,,,,,,,,,,,,,,,,,,,,
353,KEILOR,1262000,17,,,,,,,,,,,,,,,,,,,,,,,,,,,,,,,,,,
354,KEILOR DOWNS,815000,15,,,,,,,,,,,,,,,,,,,,,,,,,,,,,,,,,,
355,KEILOR EAST,930000,49,,,,,,,,,,,,,,,,,,,,,,,,,,,,,,,,,,
356,KEILOR LODGE,1007500,6,,,,,,,,,,,,,,,,,,,,,,,,,,,,,,,,,,
357,KEILOR PARK,850000,5,,,,,,,,,,,,,,,,,,,,,,,,,,,,,,,,,,
358,KENNINGTON,582500,34,,,,,,,,,,,,,,,,,,,,,,,,,,,,,,,,,,
359,KENSINGTON,1074000,26,,,,,,,,,,,,,,,,,,,,,,,,,,,,,,,,,,
360,KERANG,357000,14,,,,,,,,,,,,,,,,,,,,,,,,,,,,,,,,,,
362,KEW NORTH,2150000,13,,,,,,,,,,,,,,,,,,,,,,,,,,,,,,,,,,
363,KEYSBOROUGH,933500,66,,,,,,,,,,,,,,,,,,,,,,,,,,,,,,,,,,
364,KIALLA,708000,30,,,,,,,,,,,,,,,,,,,,,,,,,,,,,,,,,,
365,KILLARA (WODONGA),641500,11,,,,,,,,,,,,,,,,,,,,,,,,,,,,,,,,,,
366,KILMORE,615000,52,,,,,,,,,,,,,,,,,,,,,,,,,,,,,,,,,,
367,KILSYTH,790000,39,,,,,,,,,,,,,,,,,,,,,,,,,,,,,,,,,,
368,KILSYTH SOUTH,1190000,9,,,,,,,,,,,,,,,,,,,,,,,,,,,,,,,,,,
369,KINGLAKE,730000,10,,,,,,,,,,,,,,,,,,,,,,,,,,,,,,,,,,
370,KINGS PARK,620000,26,,,,,,,,,,,,,,,,,,,,,,,,,,,,,,,,,,
371,KINGSBURY,791800,10,,,,,,,,,,,,,,,,,,,,,,,,,,,,,,,,,,
372,KINGSVILLE,1337500,14,,,,,,,,,,,,,,,,,,,,,,,,,,,,,,,,,,
373,KNOXFIELD,1100000,17,,,,,,,,,,,,,,,,,,,,,,,,,,,,,,,,,,
374,KOO WEE RUP,735000,21,,,,,,,,,,,,,,,,,,,,,,,,,,,,,,,,,,
375,KOONDROOK,510000,3,,,,,,,,,,,,,,,,,,,,,,,,,,,,,,,,,,
376,KOROIT,625000,5,,,,,,,,,,,,,,,,,,,,,,,,,,,,,,,,,,
377,KORUMBURRA,565000,23,,,,,,,,,,,,,,,,,,,,,,,,,,,,,,,,,,
378,KURUNJANG,542000,49,,,,,,,,,,,,,,,,,,,,,,,,,,,,,,,,,,
379,KYABRAM,453500,28,,,,,,,,,,,,,,,,,,,,,,,,,,,,,,,,,,
380,KYNETON,809500,16,,,,,,,,,,,,,,,,,,,,,,,,,,,,,,,,,,
381,LAKE BOGA,310000,7,,,,,,,,,,,,,,,,,,,,,,,,,,,,,,,,,,
382,LAKE GARDENS,701000,9,,,,,,,,,,,,,,,,,,,,,,,,,,,,,,,,,,
383,LAKE TYERS BEACH,500000,7,,,,,,,,,,,,,,,,,,,,,,,,,,,,,,,,,,
384,LAKE WENDOUREE,725000,8,,,,,,,,,,,,,,,,,,,,,,,,,,,,,,,,,,
385,LAKES ENTRANCE,475000,22,,,,,,,,,,,,,,,,,,,,,,,,,,,,,,,,,,
386,LALOR,717500,76,,,,,,,,,,,,,,,,,,,,,,,,,,,,,,,,,,
387,LANCEFIELD,650000,5,,,,,,,,,,,,,,,,,,,,,,,,,,,,,,,,,,
388,LANG LANG,715000,19,,,,,,,,,,,,,,,,,,,,,,,,,,,,,,,,,,
389,LANGWARRIN,840000,78,,,,,,,,,,,,,,,,,,,,,,,,,,,,,,,,,,
391,LARA LAKE,677000,56,,,,,,,,,,,,,,,,,,,,,,,,,,,,,,,,,,
392,LAUNCHING PLACE,702500,8,,,,,,,,,,,,,,,,,,,,,,,,,,,,,,,,,,
393,LAVERTON,600500,28,,,,,,,,,,,,,,,,,,,,,,,,,,,,,,,,,,
394,LAVERTON SOUTH,710500,32,,,,,,,,,,,,,,,,,,,,,,,,,,,,,,,,,,
395,LENEVA,650000,9,,,,,,,,,,,,,,,,,,,,,,,,,,,,,,,,,,
396,LEONGATHA,556500,36,,,,,,,,,,,,,,,,,,,,,,,,,,,,,,,,,,
397,LEOPOLD,651000,66,,,,,,,,,,,,,,,,,,,,,,,,,,,,,,,,,,
398,LILYDALE,870500,56,,,,,,,,,,,,,,,,,,,,,,,,,,,,,,,,,,
399,LISMORE,210000,1,,,,,,,,,,,,,,,,,,,,,,,,,,,,,,,,,,
400,LOCH SPORT,408500,20,,,,,,,,,,,,,,,,,,,,,,,,,,,,,,,,,,
401,LOCKINGTON,390000,5,,,,,,,,,,,,,,,,,,,,,,,,,,,,,,,,,,
402,LONG GULLY,470500,21,,,,,,,,,,,,,,,,,,,,,,,,,,,,,,,,,,
403,LONGWARRY,613800,14,,,,,,,,,,,,,,,,,,,,,,,,,,,,,,,,,,
404,LORNE,2125000,4,,,,,,,,,,,,,,,,,,,,,,,,,,,,,,,,,,
405,LOVELY BANKS,710000,5,,,,,,,,,,,,,,,,,,,,,,,,,,,,,,,,,,
406,LOWER PLENTY,1600000,5,,,,,,,,,,,,,,,,,,,,,,,,,,,,,,,,,,
407,LUCAS,617500,34,,,,,,,,,,,,,,,,,,,,,,,,,,,,,,,,,,
408,LUCKNOW,515000,6,,,,,,,,,,,,,,,,,,,,,,,,,,,,,,,,,,
409,LYNBROOK,840000,23,,,,,,,,,,,,,,,,,,,,,,,,,,,,,,,,,,
410,LYNDHURST,940000,29,,,,,,,,,,,,,,,,,,,,,,,,,,,,,,,,,,
411,LYSTERFIELD,1460000,13,,,,,,,,,,,,,,,,,,,,,,,,,,,,,,,,,,
412,MACARTHUR,310000,5,,,,,,,,,,,,,,,,,,,,,,,,,,,,,,,,,,
413,MACEDON,660000,3,,,,,,,,,,,,,,,,,,,,,,,,,,,,,,,,,,
414,MACLEOD,1028500,24,,,,,,,,,,,,,,,,,,,,,,,,,,,,,,,,,,
415,MADDINGLEY,595000,23,,,,,,,,,,,,,,,,,,,,,,,,,,,,,,,,,,
416,MAFFRA,495000,20,,,,,,,,,,,,,,,,,,,,,,,,,,,,,,,,,,
417,MAIDEN GULLY,780000,11,,,,,,,,,,,,,,,,,,,,,,,,,,,,,,,,,,
418,MAIDSTONE,847500,24,,,,,,,,,,,,,,,,,,,,,,,,,,,,,,,,,,
419,MALDON,690000,9,,,,,,,,,,,,,,,,,,,,,,,,,,,,,,,,,,
420,MALLACOOTA,400000,4,,,,,,,,,,,,,,,,,,,,,,,,,,,,,,,,,,
421,MALMSBURY,765000,2,,,,,,,,,,,,,,,,,,,,,,,,,,,,,,,,,,
424,MAMBOURIN,609500,34,,,,,,,,,,,,,,,,,,,,,,,,,,,,,,,,,,
425,MANIFOLD HEIGHTS,923800,6,,,,,,,,,,,,,,,,,,,,,,,,,,,,,,,,,,
426,MANOR LAKES,650000,97,,,,,,,,,,,,,,,,,,,,,,,,,,,,,,,,,,
427,MANSFIELD,750000,17,,,,,,,,,,,,,,,,,,,,,,,,,,,,,,,,,,
428,MARIBYRNONG,1070000,17,,,,,,,,,,,,,,,,,,,,,,,,,,,,,,,,,,
429,MARONG,600000,7,,,,,,,,,,,,,,,,,,,,,,,,,,,,,,,,,,
430,MARSHALL,662500,8,,,,,,,,,,,,,,,,,,,,,,,,,,,,,,,,,,
431,MARYBOROUGH,378000,53,,,,,,,,,,,,,,,,,,,,,,,,,,,,,,,,,,
432,MCCRAE,1135000,18,,,,,,,,,,,,,,,,,,,,,,,,,,,,,,,,,,
433,MCKENZIE HILL,760000,2,,,,,,,,,,,,,,,,,,,,,,,,,,,,,,,,,,
434,MCKINNON,1875000,8,,,,,,,,,,,,,,,,,,,,,,,,,,,,,,,,,,
435,MEADOW HEIGHTS,640000,31,,,,,,,,,,,,,,,,,,,,,,,,,,,,,,,,,,
437,MELTON SOUTH,545000,79,,,,,,,,,,,,,,,,,,,,,,,,,,,,,,,,,,
438,MELTON WEST,545000,39,,,,,,,,,,,,,,,,,,,,,,,,,,,,,,,,,,
439,MENTONE,1312500,30,,,,,,,,,,,,,,,,,,,,,,,,,,,,,,,,,,
440,MERBEIN,356300,10,,,,,,,,,,,,,,,,,,,,,,,,,,,,,,,,,,
441,MERINDA PARK,665500,8,,,,,,,,,,,,,,,,,,,,,,,,,,,,,,,,,,
442,MERNDA,730000,99,,,,,,,,,,,,,,,,,,,,,,,,,,,,,,,,,,
443,METUNG,665000,11,,,,,,,,,,,,,,,,,,,,,,,,,,,,,,,,,,
444,MICKLEHAM,682000,186,,,,,,,,,,,,,,,,,,,,,,,,,,,,,,,,,,
445,MIDDLE PARK,2910000,9,,,,,,,,,,,,,,,,,,,,,,,,,,,,,,,,,,
447,MILL PARK,812500,78,,,,,,,,,,,,,,,,,,,,,,,,,,,,,,,,,,
448,MILLGROVE,607500,12,,,,,,,,,,,,,,,,,,,,,,,,,,,,,,,,,,
449,MINERS REST,545000,18,,,,,,,,,,,,,,,,,,,,,,,,,,,,,,,,,,
450,MINYIP,160000,1,,,,,,,,,,,,,,,,,,,,,,,,,,,,,,,,,,
451,MIRBOO NORTH,527500,4,,,,,,,,,,,,,,,,,,,,,,,,,,,,,,,,,,
452,MITCHAM,1180000,29,,,,,,,,,,,,,,,,,,,,,,,,,,,,,,,,,,
453,MOE,345000,65,,,,,,,,,,,,,,,,,,,,,,,,,,,,,,,,,,
454,MONBULK,715000,3,,,,,,,,,,,,,,,,,,,,,,,,,,,,,,,,,,
455,MONT ALBERT,2561000,8,,,,,,,,,,,,,,,,,,,,,,,,,,,,,,,,,,
456,MONT ALBERT NORTH,1860000,11,,,,,,,,,,,,,,,,,,,,,,,,,,,,,,,,,,
457,MONTMORENCY,1165000,22,,,,,,,,,,,,,,,,,,,,,,,,,,,,,,,,,,
458,MONTROSE,910000,17,,,,,,,,,,,,,,,,,,,,,,,,,,,,,,,,,,
459,MOONEE PONDS,1410000,35,,,,,,,,,,,,,,,,,,,,,,,,,,,,,,,,,,
460,MOORABBIN,1232500,12,,,,,,,,,,,,,,,,,,,,,,,,,,,,,,,,,,
461,MOOROOLBARK,860000,77,,,,,,,,,,,,,,,,,,,,,,,,,,,,,,,,,,
462,MOOROOPNA,465000,45,,,,,,,,,,,,,,,,,,,,,,,,,,,,,,,,,,
463,MORDIALLOC,1390000,18,,,,,,,,,,,,,,,,,,,,,,,,,,,,,,,,,,
464,MORNINGTON,1026400,70,,,,,,,,,,,,,,,,,,,,,,,,,,,,,,,,,,
465,MORTLAKE,385000,8,,,,,,,,,,,,,,,,,,,,,,,,,,,,,,,,,,
467,MOUNT BEAUTY,542500,2,,,,,,,,,,,,,,,,,,,,,,,,,,,,,,,,,,
468,MOUNT CLEAR,585000,17,,,,,,,,,,,,,,,,,,,,,,,,,,,,,,,,,,
469,MOUNT DANDENONG,820000,7,,,,,,,,,,,,,,,,,,,,,,,,,,,,,,,,,,
470,MOUNT DUNEED,710000,61,,,,,,,,,,,,,,,,,,,,,,,,,,,,,,,,,,
471,MOUNT ELIZA,1605000,61,,,,,,,,,,,,,,,,,,,,,,,,,,,,,,,,,,
472,MOUNT EVELYN,865000,28,,,,,,,,,,,,,,,,,,,,,,,,,,,,,,,,,,
473,MOUNT HELEN,580000,11,,,,,,,,,,,,,,,,,,,,,,,,,,,,,,,,,,
474,MOUNT MARTHA,1485000,18,,,,,,,,,,,,,,,,,,,,,,,,,,,,,,,,,,
475,MOUNT PLEASANT,505000,8,,,,,,,,,,,,,,,,,,,,,,,,,,,,,,,,,,
477,MULGRAVE,1150000,52,,,,,,,,,,,,,,,,,,,,,,,,,,,,,,,,,,
478,MURRUMBEENA,1587000,12,,,,,,,,,,,,,,,,,,,,,,,,,,,,,,,,,,
479,MURTOA,529000,1,,,,,,,,,,,,,,,,,,,,,,,,,,,,,,,,,,
480,MYRTLEFORD,520000,11,,,,,,,,,,,,,,,,,,,,,,,,,,,,,,,,,,
481,NAGAMBIE,628500,10,,,,,,,,,,,,,,,,,,,,,,,,,,,,,,,,,,
482,NAR NAR GOON NORTH,730000,2,,,,,,,,,,,,,,,,,,,,,,,,,,,,,,,,,,
483,NARRE WARREN,755500,94,,,,,,,,,,,,,,,,,,,,,,,,,,,,,,,,,,
484,NARRE WARREN NORTH,1400000,7,,,,,,,,,,,,,,,,,,,,,,,,,,,,,,,,,,
485,NARRE WARREN SOUTH,798400,92,,,,,,,,,,,,,,,,,,,,,,,,,,,,,,,,,,
486,NATHALIA,449000,6,,,,,,,,,,,,,,,,,,,,,,,,,,,,,,,,,,
487,NEERIM SOUTH,690000,5,,,,,,,,,,,,,,,,,,,,,,,,,,,,,,,,,,
488,NERRINA,580000,3,,,,,,,,,,,,,,,,,,,,,,,,,,,,,,,,,,
489,NEW GISBORNE,776000,3,,,,,,,,,,,,,,,,,,,,,,,,,,,,,,,,,,
490,NEWBOROUGH,455000,39,,,,,,,,,,,,,,,,,,,,,,,,,,,,,,,,,,
491,NEWCOMB,550000,24,,,,,,,,,,,,,,,,,,,,,,,,,,,,,,,,,,
492,NEWINGTON,611000,11,,,,,,,,,,,,,,,,,,,,,,,,,,,,,,,,,,
493,NEWLANDS ARM,580000,5,,,,,,,,,,,,,,,,,,,,,,,,,,,,,,,,,,
494,NEWPORT,1310000,39,,,,,,,,,,,,,,,,,,,,,,,,,,,,,,,,,,
495,NEWTOWN (GREATER GEELONG),980000,30,,,,,,,,,,,,,,,,,,,,,,,,,,,,,,,,,,
496,NHILL,270000,14,,,,,,,,,,,,,,,,,,,,,,,,,,,,,,,,,,
497,NICHOLS POINT,540000,3,,,,,,,,,,,,,,,,,,,,,,,,,,,,,,,,,,
498,NIDDRIE,1260000,18,,,,,,,,,,,,,,,,,,,,,,,,,,,,,,,,,,
500,NOBLE PARK NORTH,767500,18,,,,,,,,,,,,,,,,,,,,,,,,,,,,,,,,,,
501,NORLANE,445000,62,,,,,,,,,,,,,,,,,,,,,,,,,,,,,,,,,,
504,NORTH MELBOURNE,1267000,25,,,,,,,,,,,,,,,,,,,,,,,,,,,,,,,,,,
505,NORTH WONTHAGGI,512500,26,,,,,,,,,,,,,,,,,,,,,,,,,,,,,,,,,,
507,NOTTING HILL,1228000,5,,,,,,,,,,,,,,,,,,,,,,,,,,,,,,,,,,
508,NUMURKAH,420000,23,,,,,,,,,,,,,,,,,,,,,,,,,,,,,,,,,,
509,NUNAWADING,1175000,25,,,,,,,,,,,,,,,,,,,,,,,,,,,,,,,,,,
510,NYAH,315000,1,,,,,,,,,,,,,,,,,,,,,,,,,,,,,,,,,,
511,NYAH WEST,277500,5,,,,,,,,,,,,,,,,,,,,,,,,,,,,,,,,,,
512,OAK PARK,1150000,12,,,,,,,,,,,,,,,,,,,,,,,,,,,,,,,,,,
513,OAKLEIGH,1260000,19,,,,,,,,,,,,,,,,,,,,,,,,,,,,,,,,,,
514,OAKLEIGH EAST,1226000,10,,,,,,,,,,,,,,,,,,,,,,,,,,,,,,,,,,
515,OAKLEIGH SOUTH,1179000,16,,,,,,,,,,,,,,,,,,,,,,,,,,,,,,,,,,
516,OCEAN GROVE,896000,82,,,,,,,,,,,,,,,,,,,,,,,,,,,,,,,,,,
517,OFFICER,740000,112,,,,,,,,,,,,,,,,,,,,,,,,,,,,,,,,,,
518,OFFICER SOUTH,915000,8,,,,,,,,,,,,,,,,,,,,,,,,,,,,,,,,,,
519,OLINDA,1000000,13,,,,,,,,,,,,,,,,,,,,,,,,,,,,,,,,,,
520,ORBOST,308000,8,,,,,,,,,,,,,,,,,,,,,,,,,,,,,,,,,,
521,ORMOND,1788000,13,,,,,,,,,,,,,,,,,,,,,,,,,,,,,,,,,,
522,OSBORNE,1170000,25,,,,,,,,,,,,,,,,,,,,,,,,,,,,,,,,,,
523,OUYEN,260000,5,,,,,,,,,,,,,,,,,,,,,,,,,,,,,,,,,,
525,PARADISE BEACH,270000,1,,,,,,,,,,,,,,,,,,,,,,,,,,,,,,,,,,
526,PARK ORCHARDS,2205000,1,,,,,,,,,,,,,,,,,,,,,,,,,,,,,,,,,,
527,PARKDALE,1460000,25,,,,,,,,,,,,,,,,,,,,,,,,,,,,,,,,,,
528,PARKVILLE,1635000,7,,,,,,,,,,,,,,,,,,,,,,,,,,,,,,,,,,
529,PASCOE VALE,1170000,33,,,,,,,,,,,,,,,,,,,,,,,,,,,,,,,,,,
530,PASCOE VALE SOUTH,1222500,23,,,,,,,,,,,,,,,,,,,,,,,,,,,,,,,,,,
531,PATTERSON GARDENS,1140000,6,,,,,,,,,,,,,,,,,,,,,,,,,,,,,,,,,,
532,PATTERSON LAKES,1011500,10,,,,,,,,,,,,,,,,,,,,,,,,,,,,,,,,,,
533,PAYNESVILLE,540000,27,,,,,,,,,,,,,,,,,,,,,,,,,,,,,,,,,,
534,PEARCEDALE,820000,11,,,,,,,,,,,,,,,,,,,,,,,,,,,,,,,,,,
535,PETERBOROUGH,820000,4,,,,,,,,,,,,,,,,,,,,,,,,,,,,,,,,,,
536,PIONEER BAY,458000,6,,,,,,,,,,,,,,,,,,,,,,,,,,,,,,,,,,
537,PLENTY,1320000,1,,,,,,,,,,,,,,,,,,,,,,,,,,,,,,,,,,
538,POINT COOK,815000,180,,,,,,,,,,,,,,,,,,,,,,,,,,,,,,,,,,
539,POINT LONSDALE,1200000,21,,,,,,,,,,,,,,,,,,,,,,,,,,,,,,,,,,
540,POREPUNKAH,1100000,5,,,,,,,,,,,,,,,,,,,,,,,,,,,,,,,,,,
541,PORT FAIRY,835000,20,,,,,,,,,,,,,,,,,,,,,,,,,,,,,,,,,,
543,PORTARLINGTON,837500,26,,,,,,,,,,,,,,,,,,,,,,,,,,,,,,,,,,
545,PORTSEA,4600000,9,,,,,,,,,,,,,,,,,,,,,,,,,,,,,,,,,,
546,PRAHRAN,1787500,34,,,,,,,,,,,,,,,,,,,,,,,,,,,,,,,,,,
548,PRINCES HILL,1425000,5,,,,,,,,,,,,,,,,,,,,,,,,,,,,,,,,,,
549,QUARRY HILL,541500,12,,,,,,,,,,,,,,,,,,,,,,,,,,,,,,,,,,
550,QUEENSCLIFF,1800000,5,,,,,,,,,,,,,,,,,,,,,,,,,,,,,,,,,,
551,RAINBOW,300000,1,,,,,,,,,,,,,,,,,,,,,,,,,,,,,,,,,,
552,RAWSON,402500,4,,,,,,,,,,,,,,,,,,,,,,,,,,,,,,,,,,
553,RAYMOND ISLAND,437000,6,,,,,,,,,,,,,,,,,,,,,,,,,,,,,,,,,,
554,RED CLIFFS,420000,27,,,,,,,,,,,,,,,,,,,,,,,,,,,,,,,,,,
555,RED HILL,1595000,5,,,,,,,,,,,,,,,,,,,,,,,,,,,,,,,,,,
556,REDAN,472500,13,,,,,,,,,,,,,,,,,,,,,,,,,,,,,,,,,,
557,RESEARCH,1493500,4,,,,,,,,,,,,,,,,,,,,,,,,,,,,,,,,,,
559,RHYLL,1002500,8,,,,,,,,,,,,,,,,,,,,,,,,,,,,,,,,,,
560,RICHMOND,1400500,42,,,,,,,,,,,,,,,,,,,,,,,,,,,,,,,,,,
561,RIDDELLS CREEK,805000,12,,,,,,,,,,,,,,,,,,,,,,,,,,,,,,,,,,
563,RINGWOOD EAST,1090000,21,,,,,,,,,,,,,,,,,,,,,,,,,,,,,,,,,,
564,RINGWOOD NORTH,1220000,43,,,,,,,,,,,,,,,,,,,,,,,,,,,,,,,,,,
565,RIPPLESIDE,2032500,2,,,,,,,,,,,,,,,,,,,,,,,,,,,,,,,,,,
566,RIPPONLEA,1815000,2,,,,,,,,,,,,,,,,,,,,,,,,,,,,,,,,,,
567,ROBINVALE,477000,9,,,,,,,,,,,,,,,,,,,,,,,,,,,,,,,,,,
568,ROCHESTER,460000,10,,,,,,,,,,,,,,,,,,,,,,,,,,,,,,,,,,
569,ROCKBANK,556000,35,,,,,,,,,,,,,,,,,,,,,,,,,,,,,,,,,,
570,ROMSEY,766000,18,,,,,,,,,,,,,,,,,,,,,,,,,,,,,,,,,,
571,ROSANNA,1312500,18,,,,,,,,,,,,,,,,,,,,,,,,,,,,,,,,,,
572,ROSEBUD,730000,60,,,,,,,,,,,,,,,,,,,,,,,,,,,,,,,,,,
573,ROSEBUD SOUTH,1090000,19,,,,,,,,,,,,,,,,,,,,,,,,,,,,,,,,,,
574,ROSEDALE,525000,7,,,,,,,,,,,,,,,,,,,,,,,,,,,,,,,,,,
575,ROWVILLE,1110000,68,,,,,,,,,,,610.0068200477766,610.0068200477766,624.3895384741918,651.2093972095772,683.8313456771431,713.4113100725139,740.6130355171533,756.7038691987194,682.8807594567251,10.671546737811779,738.2368684176165,738.2368684176165,748.6952078618147,763.1207002894625,782.5407919604359,801.9608836314092,821.3809753023825,833.5185325967408,784.2077085799802,5.86207450646033,,,,
576,ROXBURGH PARK,685000,67,,,,,,,,,,,,,,,,,,,,,,,,,,,,,,,,,,
577,RUSHWORTH,300000,3,,,,,,,,,,,,,,,,,,,,,,,,,,,,,,,,,,
578,RUTHERGLEN,561500,6,,,,,,,,,,,,,,,,,,,,,,,,,,,,,,,,,,
579,RYE,920000,81,,,,,,,,,,,,,,,,,,,,,,,,,,,,,,,,,,
580,SAFETY BEACH,1140000,17,,,,,,,,,,,,,,,,,,,,,,,,,,,,,,,,,,
581,SALE,510000,50,,,,,,,,,,,,,,,,,,,,,,,,,,,,,,,,,,
582,SAN REMO,947500,12,,,,,,,,,,,,,,,,,,,,,,,,,,,,,,,,,,
583,SANCTUARY LAKES,795000,91,,,,,,,,,,,,,,,,,,,,,,,,,,,,,,,,,,
584,SANDHURST,1100000,27,,,,,,,,,,,,,,,,,,,,,,,,,,,,,,,,,,
585,SANDRINGHAM,2077500,18,,,,,,,,,,,,,,,,,,,,,,,,,,,,,,,,,,
586,SASSAFRAS,930000,7,,,,,,,,,,,,,,,,,,,,,,,,,,,,,,,,,,
587,SCORESBY,930000,9,,,,,,,,,,,,,,,,,,,,,,,,,,,,,,,,,,
588,SEA LAKE,328500,2,,,,,,,,,,,,,,,,,,,,,,,,,,,,,,,,,,
589,SEABROOK,765000,15,,,,,,,,,,,,,,,,,,,,,,,,,,,,,,,,,,
590,SEAFORD,856000,66,,,,,,,,,,,,,,,,,,,,,,,,,,,,,,,,,,
591,SEAHOLME,1110000,5,,,,,,,,,,,,,,,,,,,,,,,,,,,,,,,,,,
592,SEBASTOPOL,447500,76,,,,,,,,,,,,,,,,,,,,,,,,,,,,,,,,,,
593,SEDDON,1062500,20,,,,,,,,,,,,,,,,,,,,,,,,,,,,,,,,,,
594,SELBY,810000,5,,,,,,,,,,,,,,,,,,,,,,,,,,,,,,,,,,
595,SEVILLE,790000,7,,,,,,,,,,,,,,,,,,,,,,,,,,,,,,,,,,
598,SHEPPARTON NORTH,580000,7,,,,,,,,,,,,,,,,,,,,,,,,,,,,,,,,,,
599,SHOREHAM,1925000,1,,,,,,,,,,,,,,,,,,,,,,,,,,,,,,,,,,
600,SKYE,787500,28,,,,,,,,,,,,,,,,,,,,,,,,,,,,,,,,,,
601,SMYTHES CREEK,506500,14,,,,,,,,,,,,,,,,,,,,,,,,,,,,,,,,,,
602,SMYTHESDALE,470000,5,,,,,,,,,,,,,,,,,,,,,,,,,,,,,,,,,,
603,SOLDIERS HILL,520000,13,,,,,,,,,,,,,,,,,,,,,,,,,,,,,,,,,,
604,SOMERS,1200000,7,,,,,,,,,,,,,,,,,,,,,,,,,,,,,,,,,,
605,SOMERVILLE,890000,41,,,,,,,,,,,,,,,,,,,,,,,,,,,,,,,,,,
606,SORRENTO,1780000,33,,,,,,,,,,,,,,,,,,,,,,,,,,,,,,,,,,
607,SOUTH DUDLEY,467500,5,,,,,,,,,,,,,,,,,,,,,,,,,,,,,,,,,,
608,SOUTH GEELONG,635000,3,,,,,,,,,,,,,,,,,,,,,,,,,,,,,,,,,,
609,SOUTH KINGSVILLE,1050000,0,,,,,,,,,,,,,,,,,,,,,,,,,,,,,,,,,,
610,SOUTH MELBOURNE,1590000,26,684.1248900154625,684.1248900154625,684.3981424682015,715.3178947873378,733.9155808762882,750.9320696198312,767.9432447507587,778.5752180695061,730.7438629410551,6.379659863028246,1001.1062852530114,1001.1062852530114,999.555865824191,1017.7923320676657,1040.3685284031444,1063.6821483196247,1087.4761449478247,1103.0701498869537,1044.7216363860593,4.174829889033775,,,,,,,,,,,,,,
611,SOUTH MORANG,745000,65,,,,,,,,,,,,,,,,,,,,,,,,,,,,,,,,,,
613,SPOTSWOOD,1415000,9,,,,,,,,,,,,,,,,,,,,,,,,,,,,,,,,,,
614,SPRING GULLY,583500,12,,,,,,,,,,,,,,,,,,,,,,,,,,,,,,,,,,
616,SPRINGVALE SOUTH,785000,19,,,,,,,,,,,,,,,,,,,,,,,,,,,,,,,,,,
617,ST ALBANS,650000,85,,,,,,,,,,,,,,,,,,,,,,,,,,,,,,,,,,
618,ST ALBANS PARK,608800,12,,,,,,,,,,,,,,,,,,,,,,,,,,,,,,,,,,
619,ST ANDREWS BEACH,1220000,4,,,,,,,,,,,,,,,,,,,,,,,,,,,,,,,,,,
620,ST ARNAUD,300000,11,,,,,,,,,,,,,,,,,,,,,,,,,,,,,,,,,,
621,ST HELENA,1125000,5,,,,,,,,,,,,,,,,,,,,,,,,,,,,,,,,,,
622,ST KILDA,1423000,6,749.95,749.95,757.3750000000001,772.2250000000004,792.0250000000005,811.8250000000007,831.6250000000009,844.0000000000009,794.1464285714292,5.565274486083506,915.7179326522112,915.7179326522112,932.7244208092839,943.1325950990788,959.9216652756767,978.5338526946155,998.4093229752522,1011.6945352391452,962.8763321064662,4.89765901204441,,,,,,,,,,,,,,
623,ST KILDA EAST,1580000,17,,,,,,,,,,,,,,,,,,,,,,,,,,,,,,,,,,
624,ST KILDA WEST,2760000,3,,,,,,,,,,,,,,,,,,,,,,,,,,,,,,,,,,
625,ST LEONARDS,700000,37,,,,,,,,,,,,,,,,,,,,,,,,,,,,,,,,,,
626,STANHOPE,342500,3,,,,,,,,,,,,,,,,,,,,,,,,,,,,,,,,,,
627,STAWELL,337500,26,,,,,,,,,,,,,,,,,,,,,,,,,,,,,,,,,,
628,STRATFORD,497500,14,,,,,,,,,,,,,,,,,,,,,,,,,,,,,,,,,,
629,STRATHDALE,685000,27,,,,,,,,,,,,,,,,,,,,,,,,,,,,,,,,,,
630,STRATHFIELDSAYE,702000,23,,,,,,,,,,,,,,,,,,,,,,,,,,,,,,,,,,
631,STRATHMERTON,162000,1,,,,,,,,,,,,,,,,,,,,,,,,,,,,,,,,,,
632,STRATHMORE,1485500,26,,,,,,,,,,,,,,,,,,,,,,,,,,,,,,,,,,
633,STRATHMORE HEIGHTS,1075000,2,,,,,,,,,,,,,,,,,,,,,,,,,,,,,,,,,,
634,STRATHTULLOH,625000,45,,,,,,,,,,,,,,,,,,,,,,,,,,,,,,,,,,
635,STUDFIELD,1077500,10,,,,,,,,,,,,,,,,,,,,,,,,,,,,,,,,,,
637,SUNDERLAND BAY,617500,4,,,,,,,,,,,,,,,,,,,,,,,,,,,,,,,,,,
638,SUNNYCLIFFS,341500,6,,,,,,,,,,,,,,,,,,,,,,,,,,,,,,,,,,
639,SUNSET STRIP,530000,7,,,,,,,,,,,,,,,,,,,,,,,,,,,,,,,,,,
641,SUNSHINE NORTH,720000,29,,,,,,,,,,,,,,,,,,,,,,,,,,,,,,,,,,
642,SUNSHINE WEST,710500,54,,,,,,,,,,,,,,,,,,,,,,,,,,,,,,,,,,
643,SURF BEACH,695000,4,,,,,,,,,,,,,,,,,,,,,,,,,,,,,,,,,,
644,SURREY HILLS,2513000,32,,,,,,,,,,,,,,,,,,,,,,,,,,,,,,,,,,
647,SYNDAL,1832000,11,,,,,,,,,,,,,,,,,,,,,,,,,,,,,,,,,,
648,TALLANGATTA,402000,3,,,,,,,,,,,,,,,,,,,,,,,,,,,,,,,,,,
649,TANGAMBALANGA,700000,5,,,,,,,,,,,,,,,,,,,,,,,,,,,,,,,,,,
650,TARNEIT,650000,383,,,,,,,,,,,,,,,,,,,,,,,,,,,,,,,,,,
651,TATURA,506000,14,,,,,,,,,,,,,,,,,,,,,,,,,,,,,,,,,,
652,TAWONGA SOUTH,602000,5,,,,,,,,,,,,,,,,,,,,,,,,,,,,,,,,,,
653,TAYLORS HILL,948500,14,,,,,,,,,,,,,,,,,,,,,,,,,,,,,,,,,,
654,TAYLORS LAKES,982500,32,,,,,,,,,,,,,,,,,,,,,,,,,,,,,,,,,,
655,TECOMA,860000,8,,,,,,,,,,,,,,,,,,,,,,,,,,,,,,,,,,
656,TEMPLESTOWE,1604000,38,,,,,,,,,,,,,,,,,,,,,,,,,,,,,,,,,,
657,TEMPLESTOWE LOWER,1344000,41,,,,,,,,,,,,,,,,,,,,,,,,,,,,,,,,,,
658,TERANG,515000,11,,,,,,,,,,,,,,,,,,,,,,,,,,,,,,,,,,
659,THE BASIN,865000,13,,,,,,,,,,,,,,,,,,,,,,,,,,,,,,,,,,
660,THOMASTOWN,730000,59,,,,,,,,,,,,,,,,,,,,,,,,,,,,,,,,,,
661,THOMSON (GREATER GEELONG),497000,9,,,,,,,,,,,,,,,,,,,,,,,,,,,,,,,,,,
663,THORNHILL PARK,575000,42,,,,,,,,,,,,,,,,,,,,,,,,,,,,,,,,,,
664,TIMBOON,447000,7,,,,,,,,,,,,,,,,,,,,,,,,,,,,,,,,,,
665,TONGALA,450000,0,,,,,,,,,,,,,,,,,,,,,,,,,,,,,,,,,,
666,TOONGABBIE,430000,1,,,,,,,,,,,,,,,,,,,,,,,,,,,,,,,,,,
667,TOORADIN,731000,6,,,,,,,,,,,,,,,,,,,,,,,,,,,,,,,,,,
669,TOOTGAROOK,787500,24,,,,,,,,,,,,,,,,,,,,,,,,,,,,,,,,,,
671,TRAFALGAR,541000,16,,,,,,,,,,,,,,,,,,,,,,,,,,,,,,,,,,
673,TRARALGON EAST,860000,5,,,,,,,,,,,,,,,,,,,,,,,,,,,,,,,,,,
674,TRENTHAM,935000,5,,,,,,,,,,,,,,,,,,,,,,,,,,,,,,,,,,
675,TRUGANINA,680000,179,,,,,,,,,,,,,,,,,,,,,,,,,,,,,,,,,,
676,TULLAMARINE,750000,15,,,,,,,,,,,,,,,,,,,,,,,,,,,,,,,,,,
677,TUNGAMAH,273000,0,,,,,,,,,,,,,,,,,,,,,,,,,,,,,,,,,,
678,TYABB,831000,5,,,,,,,,,,,,,,,,,,,,,,,,,,,,,,,,,,
679,UNDERBOOL,89000,1,,,,,,,,,,,,,,,,,,,,,,,,,,,,,,,,,,
680,UPPER FERNTREE GULLY,920000,7,,,,,,,,,,,,,,,,,,,,,,,,,,,,,,,,,,
681,UPWEY,882500,22,,,,,,,,,,,,,,,,,,,,,,,,,,,,,,,,,,
682,VENTNOR,705000,9,,,,,,,,,,,,,,,,,,,,,,,,,,,,,,,,,,
683,VENUS BAY,496500,24,,,,,,,,,,,,,,,,,,,,,,,,,,,,,,,,,,
684,VERMONT,1199000,23,,,,,,,,,,,,,,,,,,,,,,,,,,,,,,,,,,
685,VERMONT SOUTH,1488000,33,,,,,,,,,,,,,,,,,,,,,,,,,,,,,,,,,,
686,VIEWBANK,1136000,20,,,,,,,,,,,,,,,,,,,,,,,,,,,,,,,,,,
687,VIOLET TOWN,290000,3,,,,,,,,,,,,,,,,,,,,,,,,,,,,,,,,,,
688,WAHGUNYAH,490000,4,,,,,,,,,,,,,,,,,,,,,,,,,,,,,,,,,,
689,WALLAN,640000,60,,,,,,,,,,,,,,,,,,,,,,,,,,,,,,,,,,
690,WALLAN EAST,580000,25,,,,,,,,,,,,,,,,,,,,,,,,,,,,,,,,,,
691,WANDANA HEIGHTS,920000,9,,,,,,,,,,,,,,,,,,,,,,,,,,,,,,,,,,
692,WANDIN NORTH,1026000,7,,,,,,,,,,,,,,,,,,,,,,,,,,,,,,,,,,
693,WANGARATTA,525000,89,,,,,,,,,,,,,,,,,,,,,,,,,,,,,,,,,,
694,WANTIRNA,1104000,28,,,,,,,,,,,,,,,,,,,,,,,,,,,,,,,,,,
695,WANTIRNA SOUTH,1280000,37,,,,,,,,,,,,,,,,,,,,,,,,,,,,,,,,,,
696,WARBURTON,633300,8,,,,,,,,,,,,,,,,,,,,,,,,,,,,,,,,,,
697,WARRACKNABEAL,220000,15,,,,,,,,,,,,,,,,,,,,,,,,,,,,,,,,,,
699,WARRANDYTE,1120000,18,,,,,,,,,,,,,,,,,,,,,,,,,,,,,,,,,,
700,WARRANWOOD,1305000,17,,,,,,,,,,,,,,,,,,,,,,,,,,,,,,,,,,
702,WATERWAYS,1489000,6,,,,,,,,,,,,,,,,,,,,,,,,,,,,,,,,,,
703,WATSONIA,880500,10,,,,,,,,,,,,,,,,,,,,,,,,,,,,,,,,,,
704,WATSONIA NORTH,862500,6,,,,,,,,,,,,,,,,,,,,,,,,,,,,,,,,,,
705,WATTLE GLEN,935000,5,,,,,,,,,,,,,,,,,,,,,,,,,,,,,,,,,,
706,WAURN PONDS,738000,15,,,,,,,,,,,,,,,,,,,,,,,,,,,,,,,,,,
707,WEDDERBURN,320000,1,,,,,,,,,,,,,,,,,,,,,,,,,,,,,,,,,,
708,WEIR VIEWS,561000,46,,,,,,,,,,,,,,,,,,,,,,,,,,,,,,,,,,
709,WENDOUREE,460000,58,,,,,,,,,,,,,,,,,,,,,,,,,,,,,,,,,,
710,WENDOUREE WEST,327500,14,,,,,,,,,,,,,,,,,,,,,,,,,,,,,,,,,,
711,WERRIBEE,601000,235,,,,,,,,,,,,,,,,,,,,,,,,,,,,,,,,,,
712,WERRIBEE SOUTH,657500,10,,,,,,,,,,,,,,,,,,,,,,,,,,,,,,,,,,
714,WEST MELBOURNE,1117500,4,,,,,,,,,,,,,,,,,,,,,,,,,,,,,,,,,,
715,WEST WODONGA,550000,57,,,,,,,,,,,,,,,,,,,,,,,,,,,,,,,,,,
716,WESTALL,902000,11,,,,,,,,,,,,,,,,,,,,,,,,,,,,,,,,,,
717,WESTGARTH,1602500,6,,,,,,,,,,,,,,,,,,,,,,,,,,,,,,,,,,
718,WESTMEADOWS,700000,12,,,,,,,,,,,,,,,,,,,,,,,,,,,,,,,,,,
719,WHEELERS HILL,1478900,54,,,,,,,,,,,,,,,,,,,,,,,,,,,,,,,,,,
720,WHITE HILLS,627500,18,,,,,,,,,,,,,,,,,,,,,,,,,,,,,,,,,,
721,WHITTINGTON,547000,17,,,,,,,,,,,,,,,,,,,,,,,,,,,,,,,,,,
723,WILLIAMS LANDING,850000,44,,,,,,,,,,,,,,,,,,,,,,,,,,,,,,,,,,
725,WILLIAMSTOWN NORTH,1192500,4,,,,,,,,,,,,,,,,,,,,,,,,,,,,,,,,,,
726,WIMBLEDON HEIGHTS,594000,4,,,,,,,,,,,,,,,,,,,,,,,,,,,,,,,,,,
727,WINCHELSEA,662500,4,,,,,,,,,,,,,,,,,,,,,,,,,,,,,,,,,,
728,WINDSOR,1391500,12,,,,,,,,,,,,,,,,,,,,,,,,,,,,,,,,,,
729,WINTER VALLEY,535000,49,,,,,,,,,,,,,,,,,,,,,,,,,,,,,,,,,,
731,WOLLERT,700000,189,,,,,,,,,,,,,,,,,,,,,,,,,,,,,,,,,,
732,WONGA PARK,1302500,8,,,,,,,,,,,,,,,,,,,,,,,,,,,,,,,,,,
733,WONTHAGGI,590000,31,,,,,,,,,,,,,,,,,,,,,,,,,,,,,,,,,,
734,WOODEND,935000,23,,,,,,,,,,,,,,,,,,,,,,,,,,,,,,,,,,
735,WOODSTOCK,662500,7,,,,,,,,,,,,,,,,,,,,,,,,,,,,,,,,,,
736,WOOLAMAI WATERS,640000,11,,,,,,,,,,,,,,,,,,,,,,,,,,,,,,,,,,
737,WOORI YALLOCK,715000,10,,,,,,,,,,,,,,,,,,,,,,,,,,,,,,,,,,
738,WY YUNG,515000,7,,,,,,,,,,,,,,,,,,,,,,,,,,,,,,,,,,
739,WYNDHAM VALE,574500,128,,,,,,,,,,,,,,,,,,,,,,,,,,,,,,,,,,
740,YACKANDANDAH,614000,3,,,,,,,,,,,,,,,,,,,,,,,,,,,,,,,,,,
741,YALLAMBIE,997500,2,,,,,,,,,,,,,,,,,,,,,,,,,,,,,,,,,,
742,YALLOURN NORTH,297500,8,,,,,,,,,,,,,,,,,,,,,,,,,,,,,,,,,,
743,YARRA GLEN,940000,9,,,,,,,,,,,,,,,,,,,,,,,,,,,,,,,,,,
744,YARRA JUNCTION,657500,8,,,,,,,,,,,,,,,,,,,,,,,,,,,,,,,,,,
745,YARRAGON,560000,13,,,,,,,,,,,,,,,,,,,,,,,,,,,,,,,,,,
746,YARRAM,382500,6,,,,,,,,,,,,,,,,,,,,,,,,,,,,,,,,,,
747,YARRAVILLE,1090000,50,,,,,,,,,,,,,,,,,,,,,,,,,,,,,,,,,,
748,YARRAWONGA,550000,45,,,,,,,,,,,,,,,,,,,,,,,,,,,,,,,,,,
749,YEA,690000,5,,,,,,,,,,,,,,,,,,,,,,,,,,,,,,,,,,
750,YINNAR,422000,7,,,,,,,,,,,,,,,,,,,,,,,,,,,,,,,,,,
