Suburb,2000-03,2000-06,2000-09,2000-12,2001-03,2001-06,2001-09,2001-12,2002-03,2002-06,2002-09,2002-12,2003-03,2003-06,2003-09,2003-12,2004-03,2004-06,2004-09,2004-12,2005-03,2005-06,2005-09,2005-12,2006-03,2006-06,2006-09,2006-12,2007-03,2007-06,2007-09,2007-12,2008-03,2008-06,2008-09,2008-12,2009-03,2009-06,2009-09,2009-12,2010-03,2010-06,2010-09,2010-12,2011-03,2011-06,2011-09,2011-12,2012-03,2012-06,2012-09,2012-12,2013-03,2013-06,2013-09,2013-12,2014-03,2014-06,2014-09,2014-12,2015-03,2015-06,2015-09,2015-12,2016-03,2016-06,2016-09,2016-12,2017-03,2017-06,2017-09,2017-12,2018-03,2018-06,2018-09,2018-12,2019-03,2019-06,2019-09,2019-12,2020-03,2020-06,2020-09,2020-12,2021-03,2021-06,2021-09,2021-12,2022-03,2022-06,2022-09,2022-12,2023-03,2023-06,2023-09,2023-12,2024-03,2024-06,2024-09,2024-12,2025-03
Albert Park-Middle Park-West St Kilda,350.0,350.0,390.0,398.0,425.0,410.0,440.0,440.0,440.0,450.0,445.0,430.0,435.0,420.0,420.0,435.0,428.0,425.0,420.0,430.0,420.0,420.0,445.0,420.0,400.0,415.0,405.0,430.0,410.0,450.0,468.0,435.0,455.0,435.0,468.0,480.0,515.0,575.0,575.0,580.0,602.0,570.0,575.0,595.0,595.0,595.0,638.0,615.0,610.0,650.0,650.0,693.0,693.0,670.0,695.0,660.0,673.0,675.0,670.0,700.0,700.0,700.0,698.0,698.0,750.0,750.0,753.0,755.0,755.0,795.0,800.0,800.0,820.0,835.0,790.0,790.0,700.0,700.0,766.0,833.0,833.0,900.0,900.0,730.0,708.0,725.0,725.0,793.0,773.0,700.0,660.0,660.0,730.0,798.0,798.0,810.0,860.0,963.0,938.0,1050.0,825.0
Armadale,305.0,310.0,300.0,300.0,330.0,305.0,350.0,350.0,330.0,330.0,330.0,330.0,340.0,340.0,335.0,350.0,350.0,365.0,378.0,368.0,360.0,360.0,365.0,370.0,385.0,380.0,390.0,400.0,400.0,425.0,400.0,440.0,450.0,462.0,475.0,493.0,500.0,520.0,520.0,515.0,470.0,500.0,500.0,500.0,530.0,550.0,575.0,600.0,582.0,595.0,595.0,595.0,600.0,595.0,595.0,595.0,585.0,595.0,595.0,595.0,600.0,590.0,590.0,590.0,588.0,593.0,600.0,600.0,620.0,640.0,665.0,675.0,693.0,703.0,710.0,690.0,730.0,750.0,760.0,800.0,800.0,800.0,750.0,715.0,700.0,700.0,700.0,725.0,720.0,700.0,720.0,670.0,685.0,715.0,750.0,818.0,900.0,900.0,925.0,883.0,893.0
Carlton North,293.0,298.0,300.0,300.0,330.0,336.0,340.0,355.0,350.0,345.0,339.0,345.0,350.0,350.0,340.0,340.0,333.0,333.0,365.0,350.0,350.0,350.0,353.0,355.0,360.0,360.0,360.0,360.0,345.0,420.0,420.0,450.0,450.0,445.0,490.0,475.0,500.0,500.0,500.0,485.0,485.0,520.0,550.0,575.0,590.0,595.0,600.0,600.0,600.0,600.0,598.0,598.0,623.0,650.0,600.0,630.0,600.0,615.0,615.0,650.0,630.0,575.0,615.0,615.0,605.0,650.0,650.0,630.0,650.0,650.0,650.0,650.0,650.0,650.0,650.0,650.0,650.0,640.0,645.0,620.0,640.0,650.0,670.0,688.0,650.0,600.0,580.0,585.0,620.0,660.0,620.0,660.0,650.0,690.0,698.0,698.0,700.0,710.0,700.0,,760.0
Carlton-Parkville,315.0,305.0,313.0,330.0,320.0,330.0,339.0,340.0,365.0,350.0,340.0,350.0,355.0,355.0,392.0,360.0,353.0,360.0,350.0,350.0,360.0,350.0,368.0,380.0,390.0,395.0,405.0,420.0,450.0,468.0,478.0,480.0,480.0,480.0,490.0,500.0,515.0,520.0,520.0,525.0,550.0,550.0,550.0,550.0,557.0,550.0,556.0,570.0,588.0,600.0,635.0,650.0,650.0,660.0,638.0,625.0,625.0,630.0,640.0,650.0,650.0,650.0,650.0,650.0,660.0,660.0,660.0,663.0,670.0,680.0,680.0,680.0,685.0,670.0,680.0,715.0,715.0,720.0,720.0,700.0,750.0,750.0,750.0,705.0,623.0,600.0,593.0,590.0,595.0,600.0,600.0,650.0,700.0,770.0,780.0,800.0,845.0,850.0,850.0,850.0,850.0
CBD-St Kilda Rd,475.0,460.0,460.0,458.0,450.0,460.0,450.0,460.0,468.0,475.0,473.0,460.0,470.0,470.0,480.0,480.0,460.0,460.0,455.0,450.0,450.0,450.0,460.0,470.0,470.0,480.0,495.0,525.0,558.0,565.0,580.0,580.0,610.0,620.0,640.0,650.0,650.0,680.0,690.0,698.0,700.0,690.0,690.0,690.0,680.0,695.0,700.0,690.0,700.0,720.0,715.0,750.0,728.0,705.0,713.0,705.0,730.0,735.0,750.0,750.0,750.0,750.0,750.0,760.0,760.0,760.0,760.0,783.0,800.0,810.0,800.0,820.0,850.0,850.0,870.0,870.0,880.0,880.0,880.0,880.0,875.0,850.0,790.0,700.0,650.0,620.0,605.0,620.0,650.0,680.0,750.0,800.0,925.0,980.0,1000.0,1000.0,1000.0,1000.0,1100.0,1088.0,1100.0
Collingwood-Abbotsford,350.0,350.0,350.0,375.0,350.0,350.0,350.0,360.0,355.0,360.0,350.0,350.0,355.0,370.0,400.0,395.0,390.0,410.0,403.0,400.0,400.0,390.0,400.0,425.0,430.0,430.0,410.0,420.0,450.0,465.0,510.0,500.0,500.0,495.0,515.0,550.0,550.0,575.0,550.0,570.0,560.0,580.0,600.0,620.0,670.0,675.0,650.0,650.0,650.0,650.0,695.0,695.0,695.0,695.0,710.0,700.0,700.0,708.0,700.0,720.0,750.0,740.0,700.0,723.0,720.0,750.0,760.0,750.0,750.0,750.0,750.0,788.0,775.0,798.0,800.0,820.0,825.0,800.0,800.0,800.0,800.0,790.0,790.0,750.0,750.0,778.0,775.0,790.0,780.0,785.0,800.0,800.0,814.0,840.0,850.0,900.0,964.0,1000.0,1000.0,1000.0,1000.0
Docklands,,,,,,,,,,463.0,495.0,500.0,500.0,535.0,550.0,560.0,555.0,550.0,550.0,550.0,550.0,550.0,570.0,550.0,573.0,590.0,570.0,600.0,635.0,670.0,700.0,700.0,710.0,710.0,730.0,750.0,750.0,750.0,750.0,750.0,780.0,783.0,780.0,780.0,780.0,800.0,810.0,800.0,830.0,835.0,830.0,835.0,850.0,850.0,878.0,890.0,850.0,863.0,850.0,860.0,865.0,900.0,900.0,900.0,950.0,950.0,940.0,925.0,910.0,900.0,910.0,920.0,950.0,930.0,950.0,950.0,950.0,995.0,1000.0,995.0,950.0,910.0,850.0,800.0,750.0,740.0,750.0,800.0,830.0,850.0,900.0,900.0,1000.0,1000.0,1020.0,1050.0,1050.0,1100.0,1150.0,1150.0,1180.0
East Melbourne,401.0,403.0,410.0,405.0,425.0,430.0,430.0,440.0,450.0,450.0,450.0,450.0,450.0,480.0,430.0,430.0,430.0,430.0,430.0,433.0,440.0,435.0,450.0,450.0,450.0,460.0,459.0,460.0,458.0,460.0,480.0,545.0,595.0,600.0,590.0,570.0,575.0,618.0,720.0,685.0,650.0,649.0,640.0,700.0,698.0,680.0,680.0,695.0,720.0,750.0,756.0,788.0,795.0,755.0,725.0,720.0,725.0,725.0,770.0,770.0,800.0,800.0,800.0,800.0,780.0,783.0,790.0,850.0,850.0,850.0,850.0,850.0,885.0,920.0,880.0,880.0,875.0,878.0,900.0,910.0,910.0,895.0,948.0,866.0,840.0,850.0,850.0,850.0,865.0,890.0,843.0,843.0,863.0,863.0,963.0,1125.0,925.0,1000.0,1050.0,1025.0,1050.0
East St Kilda,250.0,250.0,250.0,250.0,250.0,250.0,265.0,288.0,300.0,295.0,310.0,295.0,285.0,318.0,295.0,300.0,300.0,295.0,300.0,310.0,298.0,315.0,320.0,320.0,345.0,333.0,340.0,360.0,370.0,375.0,380.0,385.0,388.0,398.0,428.0,435.0,435.0,460.0,455.0,450.0,460.0,455.0,475.0,495.0,500.0,495.0,490.0,480.0,490.0,528.0,500.0,503.0,508.0,508.0,515.0,500.0,520.0,525.0,530.0,530.0,530.0,530.0,550.0,550.0,550.0,550.0,550.0,550.0,555.0,570.0,555.0,578.0,575.0,553.0,568.0,555.0,573.0,580.0,580.0,600.0,600.0,598.0,580.0,555.0,530.0,515.0,513.0,503.0,550.0,560.0,580.0,600.0,630.0,650.0,720.0,750.0,800.0,813.0,850.0,825.0,850.0
Elwood,285.0,293.0,300.0,298.0,288.0,323.0,325.0,310.0,300.0,296.0,300.0,305.0,320.0,325.0,325.0,330.0,330.0,330.0,345.0,340.0,350.0,345.0,335.0,345.0,350.0,350.0,360.0,373.0,365.0,375.0,390.0,408.0,455.0,450.0,450.0,450.0,450.0,475.0,480.0,480.0,495.0,510.0,510.0,505.0,505.0,525.0,590.0,600.0,600.0,580.0,573.0,560.0,560.0,560.0,550.0,540.0,535.0,550.0,548.0,550.0,550.0,555.0,593.0,620.0,630.0,580.0,595.0,597.0,600.0,600.0,595.0,600.0,610.0,620.0,620.0,628.0,627.0,630.0,640.0,645.0,690.0,643.0,640.0,605.0,598.0,600.0,605.0,600.0,603.0,605.0,593.0,650.0,698.0,718.0,833.0,840.0,848.0,900.0,898.0,895.0,900.0
Fitzroy,337.0,340.0,335.0,340.0,338.0,328.0,340.0,340.0,350.0,350.0,350.0,408.0,420.0,420.0,438.0,383.0,485.0,450.0,450.0,450.0,393.0,435.0,450.0,450.0,461.0,500.0,545.0,545.0,570.0,550.0,478.0,480.0,483.0,530.0,580.0,600.0,595.0,600.0,600.0,595.0,600.0,600.0,598.0,578.0,625.0,650.0,705.0,685.0,740.0,730.0,690.0,725.0,700.0,728.0,738.0,730.0,745.0,750.0,750.0,750.0,750.0,725.0,737.0,734.0,737.0,793.0,795.0,795.0,755.0,740.0,750.0,740.0,793.0,795.0,780.0,795.0,795.0,845.0,895.0,900.0,900.0,895.0,868.0,850.0,800.0,793.0,793.0,798.0,850.0,850.0,850.0,863.0,908.0,945.0,1000.0,1000.0,1000.0,1100.0,1000.0,1100.0,1100.0
Fitzroy North-Clifton Hill,290.0,300.0,315.0,325.0,335.0,355.0,350.0,325.0,320.0,330.0,320.0,340.0,335.0,325.0,345.0,350.0,370.0,360.0,350.0,353.0,353.0,355.0,360.0,365.0,390.0,390.0,398.0,400.0,413.0,428.0,450.0,485.0,495.0,500.0,520.0,501.0,510.0,520.0,525.0,550.0,525.0,520.0,523.0,541.0,590.0,580.0,550.0,600.0,560.0,620.0,620.0,620.0,640.0,625.0,650.0,635.0,650.0,640.0,620.0,635.0,605.0,650.0,650.0,690.0,690.0,663.0,678.0,675.0,685.0,695.0,710.0,710.0,710.0,710.0,740.0,725.0,700.0,700.0,700.0,720.0,750.0,745.0,750.0,750.0,730.0,740.0,720.0,720.0,730.0,740.0,768.0,780.0,780.0,795.0,810.0,845.0,860.0,875.0,880.0,940.0,950.0
Flemington-Kensington,270.0,280.0,285.0,290.0,280.0,280.0,280.0,280.0,290.0,290.0,300.0,300.0,300.0,300.0,300.0,300.0,300.0,295.0,285.0,285.0,300.0,300.0,320.0,320.0,320.0,320.0,321.0,321.0,340.0,343.0,360.0,370.0,373.0,380.0,380.0,400.0,400.0,410.0,410.0,420.0,420.0,435.0,450.0,428.0,450.0,450.0,440.0,460.0,480.0,475.0,460.0,468.0,470.0,470.0,520.0,465.0,480.0,470.0,460.0,500.0,500.0,500.0,500.0,513.0,500.0,510.0,550.0,550.0,550.0,550.0,533.0,535.0,550.0,565.0,583.0,600.0,630.0,645.0,635.0,560.0,625.0,585.0,680.0,690.0,575.0,550.0,525.0,525.0,500.0,548.0,550.0,570.0,580.0,580.0,600.0,623.0,645.0,735.0,755.0,760.0,800.0
North Melbourne-West Melbourne,340.0,340.0,333.0,320.0,310.0,310.0,320.0,328.0,340.0,340.0,340.0,360.0,360.0,360.0,360.0,350.0,355.0,330.0,330.0,360.0,380.0,385.0,390.0,383.0,383.0,370.0,380.0,380.0,410.0,458.0,470.0,470.0,500.0,550.0,540.0,550.0,550.0,565.0,585.0,595.0,600.0,600.0,600.0,600.0,600.0,600.0,600.0,600.0,600.0,600.0,600.0,585.0,600.0,623.0,623.0,620.0,638.0,633.0,650.0,650.0,650.0,650.0,650.0,685.0,660.0,650.0,690.0,679.0,690.0,700.0,670.0,690.0,700.0,700.0,720.0,710.0,715.0,700.0,695.0,700.0,700.0,688.0,700.0,650.0,600.0,575.0,560.0,580.0,580.0,600.0,625.0,675.0,700.0,750.0,800.0,818.0,850.0,860.0,895.0,900.0,880.0
Port Melbourne,600.0,600.0,600.0,550.0,558.0,600.0,600.0,625.0,608.0,615.0,615.0,600.0,598.0,550.0,595.0,600.0,563.0,550.0,500.0,500.0,538.0,525.0,550.0,570.0,590.0,650.0,675.0,675.0,675.0,700.0,700.0,650.0,700.0,700.0,700.0,700.0,750.0,750.0,745.0,750.0,750.0,770.0,798.0,800.0,800.0,800.0,830.0,853.0,855.0,875.0,873.0,850.0,850.0,850.0,850.0,850.0,850.0,820.0,800.0,800.0,800.0,850.0,895.0,893.0,883.0,875.0,873.0,870.0,900.0,900.0,898.0,900.0,850.0,850.0,850.0,865.0,875.0,900.0,950.0,950.0,950.0,955.0,940.0,930.0,900.0,890.0,895.0,840.0,850.0,898.0,900.0,910.0,965.0,975.0,995.0,995.0,1100.0,1160.0,1150.0,1123.0,1100.0
Prahran-Windsor,288.0,320.0,350.0,363.0,380.0,380.0,360.0,360.0,355.0,350.0,355.0,340.0,353.0,350.0,340.0,365.0,350.0,398.0,400.0,360.0,380.0,390.0,383.0,385.0,398.0,385.0,398.0,425.0,445.0,480.0,495.0,480.0,450.0,450.0,488.0,500.0,543.0,550.0,550.0,535.0,555.0,555.0,570.0,550.0,540.0,530.0,535.0,550.0,585.0,580.0,600.0,600.0,620.0,625.0,600.0,600.0,600.0,600.0,608.0,600.0,600.0,615.0,585.0,598.0,620.0,620.0,650.0,670.0,680.0,690.0,695.0,650.0,680.0,680.0,650.0,670.0,633.0,633.0,650.0,690.0,690.0,698.0,695.0,650.0,650.0,700.0,730.0,730.0,700.0,690.0,695.0,745.0,813.0,873.0,890.0,895.0,870.0,850.0,895.0,883.0,900.0
Richmond-Burnley,380.0,380.0,395.0,400.0,413.0,400.0,400.0,395.0,400.0,400.0,400.0,430.0,430.0,440.0,425.0,400.0,400.0,405.0,400.0,400.0,400.0,400.0,410.0,425.0,450.0,470.0,485.0,490.0,500.0,500.0,500.0,520.0,535.0,548.0,555.0,560.0,570.0,580.0,600.0,600.0,605.0,610.0,610.0,620.0,630.0,650.0,650.0,670.0,678.0,680.0,683.0,695.0,685.0,683.0,695.0,700.0,710.0,718.0,700.0,700.0,718.0,728.0,730.0,750.0,750.0,750.0,750.0,750.0,760.0,750.0,750.0,750.0,750.0,760.0,798.0,800.0,800.0,800.0,800.0,800.0,850.0,833.0,800.0,800.0,765.0,750.0,760.0,770.0,775.0,770.0,770.0,800.0,850.0,880.0,900.0,900.0,950.0,975.0,1000.0,1000.0,1010.0
South Melbourne,380.0,362.0,395.0,418.0,425.0,425.0,430.0,430.0,440.0,450.0,440.0,430.0,430.0,430.0,440.0,428.0,420.0,420.0,418.0,430.0,440.0,440.0,450.0,450.0,450.0,460.0,460.0,465.0,473.0,485.0,523.0,543.0,550.0,575.0,580.0,595.0,600.0,600.0,600.0,610.0,630.0,630.0,650.0,650.0,650.0,660.0,665.0,660.0,670.0,680.0,680.0,680.0,680.0,680.0,680.0,680.0,690.0,693.0,695.0,695.0,685.0,680.0,688.0,690.0,698.0,700.0,700.0,700.0,700.0,700.0,703.0,720.0,730.0,720.0,720.0,730.0,748.0,773.0,760.0,760.0,750.0,740.0,735.0,706.0,600.0,598.0,600.0,600.0,600.0,660.0,749.0,732.0,800.0,865.0,880.0,900.0,900.0,950.0,950.0,950.0,965.0
South Yarra,393.0,373.0,395.0,385.0,370.0,400.0,375.0,400.0,400.0,400.0,395.0,400.0,398.0,400.0,400.0,395.0,395.0,390.0,380.0,390.0,375.0,375.0,395.0,398.0,420.0,425.0,443.0,450.0,430.0,455.0,455.0,500.0,560.0,570.0,550.0,520.0,520.0,550.0,595.0,598.0,610.0,600.0,600.0,600.0,598.0,620.0,650.0,650.0,670.0,680.0,650.0,665.0,680.0,650.0,680.0,680.0,670.0,680.0,680.0,680.0,673.0,695.0,695.0,700.0,733.0,730.0,745.0,745.0,750.0,775.0,795.0,795.0,780.0,795.0,800.0,800.0,800.0,795.0,795.0,810.0,820.0,828.0,800.0,760.0,750.0,750.0,750.0,770.0,795.0,800.0,800.0,805.0,875.0,900.0,978.0,995.0,985.0,995.0,950.0,1000.0,1050.0
Southbank,395.0,400.0,400.0,400.0,410.0,423.0,425.0,435.0,458.0,450.0,450.0,450.0,443.0,450.0,450.0,450.0,450.0,450.0,450.0,460.0,490.0,495.0,495.0,495.0,495.0,500.0,500.0,513.0,530.0,550.0,570.0,575.0,600.0,610.0,610.0,620.0,630.0,650.0,660.0,660.0,660.0,660.0,670.0,670.0,673.0,680.0,680.0,695.0,700.0,700.0,700.0,700.0,720.0,725.0,738.0,720.0,700.0,700.0,720.0,730.0,750.0,750.0,750.0,740.0,740.0,750.0,750.0,760.0,770.0,775.0,778.0,790.0,800.0,800.0,800.0,790.0,800.0,793.0,850.0,850.0,850.0,825.0,720.0,660.0,615.0,600.0,600.0,600.0,648.0,680.0,730.0,793.0,850.0,900.0,950.0,950.0,975.0,1000.0,1015.0,1023.0,1000.0
St Kilda,275.0,283.0,280.0,290.0,300.0,310.0,310.0,310.0,310.0,320.0,340.0,350.0,348.0,340.0,330.0,330.0,340.0,350.0,350.0,350.0,350.0,350.0,360.0,380.0,380.0,360.0,373.0,360.0,370.0,375.0,405.0,455.0,460.0,478.0,480.0,495.0,530.0,538.0,530.0,520.0,525.0,530.0,528.0,595.0,595.0,600.0,610.0,600.0,605.0,605.0,610.0,595.0,595.0,585.0,565.0,595.0,588.0,600.0,600.0,600.0,600.0,598.0,615.0,630.0,650.0,645.0,650.0,660.0,650.0,660.0,655.0,650.0,690.0,675.0,673.0,670.0,670.0,700.0,720.0,750.0,750.0,700.0,690.0,658.0,650.0,623.0,590.0,600.0,590.0,585.0,610.0,650.0,710.0,750.0,820.0,880.0,890.0,900.0,960.0,950.0,943.0
Toorak,350.0,350.0,360.0,360.0,370.0,370.0,370.0,375.0,380.0,380.0,383.0,380.0,390.0,390.0,375.0,378.0,360.0,360.0,373.0,368.0,365.0,365.0,375.0,395.0,398.0,400.0,400.0,395.0,425.0,450.0,495.0,500.0,498.0,498.0,488.0,495.0,498.0,550.0,570.0,595.0,595.0,595.0,590.0,576.0,580.0,595.0,580.0,600.0,618.0,620.0,650.0,650.0,630.0,633.0,620.0,600.0,615.0,600.0,625.0,635.0,645.0,690.0,700.0,680.0,670.0,655.0,665.0,680.0,680.0,715.0,740.0,740.0,750.0,750.0,720.0,700.0,700.0,695.0,695.0,700.0,750.0,750.0,750.0,750.0,695.0,695.0,695.0,695.0,700.0,700.0,700.0,715.0,775.0,800.0,845.0,885.0,935.0,950.0,920.0,950.0,950.0
Balwyn,320.0,300.0,280.0,293.0,300.0,300.0,320.0,318.0,305.0,310.0,310.0,313.0,310.0,315.0,315.0,320.0,339.0,320.0,320.0,360.0,340.0,335.0,333.0,320.0,343.0,340.0,350.0,350.0,350.0,380.0,390.0,390.0,425.0,450.0,415.0,450.0,475.0,450.0,465.0,465.0,460.0,475.0,495.0,495.0,500.0,513.0,493.0,518.0,525.0,520.0,520.0,520.0,500.0,500.0,520.0,520.0,505.0,500.0,500.0,500.0,500.0,520.0,520.0,530.0,550.0,520.0,550.0,535.0,560.0,580.0,585.0,590.0,600.0,620.0,600.0,620.0,610.0,600.0,615.0,600.0,600.0,620.0,600.0,600.0,600.0,600.0,600.0,610.0,620.0,620.0,628.0,650.0,650.0,680.0,700.0,720.0,748.0,750.0,780.0,780.0,790.0
Blackburn,223.0,230.0,240.0,235.0,230.0,235.0,235.0,235.0,240.0,238.0,243.0,250.0,250.0,250.0,255.0,260.0,260.0,270.0,278.0,270.0,270.0,265.0,265.0,270.0,275.0,280.0,290.0,310.0,300.0,300.0,310.0,310.0,330.0,340.0,350.0,350.0,350.0,360.0,370.0,379.0,380.0,380.0,383.0,383.0,390.0,390.0,385.0,390.0,390.0,400.0,415.0,420.0,400.0,400.0,400.0,400.0,410.0,410.0,413.0,415.0,415.0,420.0,430.0,435.0,445.0,450.0,450.0,460.0,458.0,460.0,465.0,470.0,480.0,480.0,475.0,478.0,485.0,480.0,490.0,490.0,490.0,495.0,490.0,493.0,465.0,470.0,495.0,500.0,500.0,500.0,500.0,500.0,512.0,530.0,575.0,600.0,635.0,645.0,650.0,653.0,650.0
Box Hill,230.0,240.0,248.0,250.0,250.0,255.0,260.0,256.0,260.0,260.0,265.0,290.0,290.0,290.0,290.0,280.0,275.0,273.0,280.0,288.0,290.0,290.0,295.0,295.0,315.0,313.0,311.0,320.0,320.0,330.0,330.0,340.0,350.0,380.0,388.0,388.0,398.0,400.0,390.0,400.0,400.0,400.0,410.0,420.0,420.0,430.0,430.0,430.0,430.0,440.0,440.0,440.0,440.0,440.0,450.0,450.0,450.0,450.0,460.0,450.0,465.0,460.0,476.0,480.0,480.0,480.0,490.0,498.0,500.0,500.0,500.0,510.0,510.0,510.0,518.0,500.0,515.0,530.0,530.0,530.0,530.0,540.0,529.0,520.0,495.0,483.0,490.0,490.0,495.0,500.0,520.0,530.0,550.0,580.0,600.0,650.0,680.0,700.0,720.0,710.0,720.0
Bulleen-Templestowe-Doncaster,225.0,230.0,242.0,242.0,241.0,240.0,240.0,250.0,250.0,250.0,260.0,273.0,270.0,268.0,260.0,253.0,258.0,270.0,275.0,275.0,280.0,275.0,276.0,285.0,295.0,300.0,300.0,295.0,310.0,320.0,330.0,360.0,360.0,365.0,370.0,370.0,380.0,385.0,380.0,380.0,393.0,390.0,400.0,400.0,400.0,420.0,410.0,415.0,410.0,410.0,415.0,430.0,430.0,440.0,450.0,440.0,450.0,450.0,450.0,450.0,460.0,460.0,470.0,480.0,480.0,480.0,480.0,480.0,495.0,500.0,520.0,530.0,530.0,535.0,535.0,540.0,540.0,530.0,540.0,540.0,545.0,540.0,525.0,520.0,510.0,518.0,520.0,520.0,530.0,550.0,550.0,550.0,575.0,600.0,630.0,650.0,675.0,681.0,695.0,700.0,700.0
Burwood-Ashburton,230.0,235.0,240.0,250.0,255.0,260.0,260.0,260.0,260.0,273.0,290.0,285.0,290.0,300.0,285.0,275.0,285.0,290.0,295.0,315.0,303.0,300.0,300.0,300.0,300.0,315.0,323.0,330.0,340.0,351.0,360.0,360.0,380.0,383.0,395.0,415.0,425.0,430.0,438.0,445.0,450.0,450.0,453.0,450.0,440.0,450.0,440.0,473.0,488.0,485.0,480.0,460.0,450.0,460.0,455.0,460.0,463.0,463.0,480.0,490.0,495.0,500.0,500.0,515.0,535.0,515.0,530.0,530.0,538.0,540.0,535.0,530.0,530.0,550.0,550.0,550.0,560.0,550.0,550.0,555.0,560.0,560.0,555.0,550.0,530.0,525.0,530.0,520.0,530.0,530.0,540.0,570.0,590.0,600.0,640.0,655.0,680.0,675.0,680.0,694.0,700.0
Camberwell-Glen Iris,280.0,283.0,288.0,285.0,300.0,300.0,300.0,320.0,300.0,300.0,310.0,300.0,320.0,320.0,320.0,330.0,320.0,310.0,300.0,310.0,320.0,320.0,320.0,320.0,320.0,328.0,330.0,330.0,366.0,370.0,385.0,395.0,395.0,400.0,402.0,420.0,430.0,445.0,450.0,450.0,455.0,473.0,480.0,480.0,490.0,495.0,500.0,520.0,525.0,520.0,523.0,525.0,530.0,520.0,530.0,525.0,530.0,535.0,540.0,530.0,535.0,545.0,563.0,570.0,550.0,565.0,570.0,585.0,600.0,600.0,600.0,600.0,620.0,625.0,630.0,630.0,620.0,635.0,650.0,650.0,650.0,650.0,650.0,648.0,605.0,600.0,615.0,640.0,650.0,650.0,660.0,650.0,675.0,700.0,720.0,750.0,750.0,780.0,795.0,805.0,800.0
Canterbury-Surrey Hills-Mont Albert,280.0,280.0,278.0,280.0,270.0,268.0,290.0,300.0,330.0,330.0,315.0,313.0,313.0,320.0,320.0,330.0,300.0,310.0,310.0,313.0,328.0,325.0,330.0,330.0,350.0,355.0,360.0,359.0,383.0,380.0,388.0,400.0,420.0,440.0,450.0,430.0,450.0,450.0,450.0,443.0,430.0,445.0,450.0,480.0,495.0,495.0,460.0,475.0,495.0,495.0,500.0,495.0,495.0,500.0,505.0,525.0,540.0,515.0,529.0,535.0,495.0,497.0,515.0,514.0,518.0,540.0,540.0,545.0,565.0,565.0,540.0,550.0,580.0,580.0,600.0,605.0,600.0,623.0,600.0,615.0,610.0,600.0,608.0,590.0,588.0,595.0,590.0,595.0,595.0,635.0,650.0,650.0,670.0,650.0,660.0,675.0,708.0,750.0,730.0,760.0,700.0
Chadstone-Oakleigh,220.0,210.0,217.0,220.0,230.0,230.0,240.0,245.0,250.0,250.0,245.0,250.0,250.0,240.0,265.0,270.0,270.0,270.0,263.0,260.0,260.0,263.0,275.0,280.0,285.0,285.0,280.0,280.0,290.0,300.0,320.0,320.0,340.0,343.0,350.0,360.0,370.0,375.0,380.0,380.0,390.0,400.0,400.0,400.0,400.0,400.0,400.0,405.0,420.0,420.0,430.0,420.0,425.0,425.0,425.0,425.0,440.0,440.0,450.0,450.0,450.0,460.0,470.0,473.0,485.0,490.0,495.0,500.0,500.0,500.0,500.0,500.0,500.0,500.0,510.0,510.0,500.0,515.0,513.0,513.0,525.0,515.0,520.0,515.0,500.0,499.0,499.0,500.0,500.0,503.0,515.0,530.0,550.0,580.0,590.0,610.0,645.0,650.0,670.0,670.0,680.0
Clayton,220.0,227.0,225.0,223.0,230.0,230.0,230.0,245.0,250.0,250.0,240.0,250.0,250.0,250.0,250.0,250.0,260.0,260.0,260.0,260.0,265.0,270.0,270.0,270.0,280.0,280.0,283.0,290.0,300.0,300.0,305.0,310.0,325.0,343.0,350.0,350.0,360.0,370.0,380.0,380.0,380.0,380.0,380.0,380.0,390.0,390.0,390.0,395.0,400.0,400.0,400.0,400.0,395.0,390.0,395.0,400.0,400.0,404.0,410.0,410.0,415.0,420.0,420.0,420.0,430.0,430.0,445.0,450.0,445.0,450.0,450.0,450.0,470.0,475.0,480.0,480.0,480.0,480.0,495.0,495.0,497.0,495.0,485.0,480.0,450.0,450.0,450.0,445.0,450.0,450.0,463.0,480.0,500.0,525.0,540.0,560.0,600.0,625.0,650.0,650.0,638.0
Doncaster East-Donvale,230.0,230.0,235.0,240.0,240.0,240.0,245.0,250.0,250.0,255.0,258.0,255.0,258.0,260.0,260.0,260.0,265.0,270.0,270.0,275.0,275.0,275.0,280.0,280.0,280.0,290.0,290.0,290.0,300.0,300.0,318.0,320.0,320.0,335.0,350.0,350.0,360.0,365.0,365.0,380.0,375.0,375.0,380.0,385.0,390.0,395.0,410.0,420.0,420.0,425.0,420.0,410.0,420.0,410.0,420.0,420.0,420.0,435.0,430.0,440.0,450.0,450.0,470.0,458.0,450.0,450.0,445.0,450.0,460.0,455.0,470.0,470.0,455.0,475.0,470.0,470.0,495.0,500.0,504.0,520.0,500.0,500.0,500.0,483.0,480.0,498.0,500.0,510.0,520.0,520.0,520.0,520.0,530.0,550.0,590.0,600.0,630.0,640.0,650.0,650.0,678.0
East Hawthorn,300.0,295.0,290.0,290.0,300.0,300.0,300.0,313.0,295.0,323.0,320.0,340.0,325.0,310.0,310.0,315.0,300.0,320.0,330.0,335.0,355.0,345.0,358.0,338.0,335.0,350.0,350.0,375.0,385.0,385.0,406.0,420.0,420.0,440.0,450.0,450.0,431.0,450.0,450.0,490.0,493.0,480.0,490.0,500.0,500.0,500.0,480.0,480.0,480.0,495.0,510.0,520.0,580.0,575.0,550.0,560.0,540.0,520.0,550.0,554.0,540.0,565.0,570.0,563.0,565.0,563.0,563.0,575.0,600.0,595.0,580.0,590.0,590.0,593.0,600.0,600.0,600.0,610.0,615.0,640.0,670.0,650.0,640.0,625.0,560.0,560.0,575.0,565.0,598.0,620.0,610.0,650.0,685.0,700.0,788.0,825.0,850.0,850.0,838.0,849.0,800.0
Glen Waverley-Mulgrave,220.0,220.0,230.0,233.0,240.0,240.0,240.0,245.0,250.0,260.0,270.0,270.0,280.0,278.0,280.0,280.0,280.0,280.0,270.0,270.0,275.0,275.0,280.0,295.0,300.0,300.0,300.0,300.0,300.0,320.0,320.0,320.0,330.0,340.0,350.0,360.0,380.0,390.0,380.0,380.0,380.0,380.0,395.0,400.0,410.0,410.0,413.0,418.0,420.0,420.0,420.0,420.0,430.0,435.0,440.0,440.0,439.0,435.0,450.0,450.0,450.0,450.0,450.0,450.0,460.0,470.0,480.0,480.0,480.0,480.0,480.0,490.0,495.0,490.0,495.0,495.0,495.0,500.0,500.0,500.0,510.0,500.0,500.0,490.0,490.0,488.0,480.0,490.0,500.0,500.0,525.0,540.0,550.0,560.0,575.0,595.0,620.0,630.0,650.0,660.0,650.0
Hawthorn,300.0,315.0,300.0,310.0,315.0,323.0,330.0,350.0,330.0,325.0,328.0,320.0,338.0,350.0,350.0,360.0,360.0,360.0,360.0,355.0,360.0,360.0,360.0,370.0,380.0,380.0,390.0,380.0,400.0,430.0,450.0,450.0,460.0,455.0,450.0,458.0,455.0,480.0,493.0,495.0,520.0,520.0,520.0,550.0,550.0,545.0,530.0,520.0,530.0,560.0,563.0,578.0,588.0,590.0,600.0,590.0,595.0,580.0,575.0,595.0,598.0,595.0,600.0,588.0,575.0,600.0,595.0,620.0,640.0,645.0,630.0,650.0,650.0,655.0,665.0,658.0,650.0,650.0,650.0,680.0,705.0,713.0,710.0,710.0,650.0,680.0,660.0,660.0,693.0,660.0,683.0,685.0,690.0,698.0,750.0,800.0,898.0,950.0,880.0,850.0,850.0
Kew,300.0,300.0,300.0,305.0,308.0,315.0,315.0,300.0,300.0,300.0,303.0,310.0,310.0,310.0,320.0,320.0,330.0,328.0,330.0,325.0,320.0,330.0,345.0,350.0,350.0,350.0,350.0,350.0,360.0,365.0,370.0,380.0,390.0,395.0,405.0,410.0,420.0,428.0,430.0,450.0,460.0,480.0,480.0,480.0,480.0,480.0,495.0,480.0,490.0,480.0,495.0,503.0,523.0,520.0,520.0,520.0,520.0,535.0,533.0,530.0,528.0,520.0,540.0,540.0,540.0,550.0,540.0,560.0,560.0,553.0,558.0,550.0,560.0,575.0,580.0,580.0,590.0,588.0,600.0,600.0,600.0,620.0,600.0,598.0,595.0,590.0,590.0,590.0,580.0,588.0,600.0,615.0,650.0,675.0,700.0,715.0,750.0,775.0,800.0,825.0,820.0
Mount Waverley,240.0,240.0,245.0,245.0,248.0,260.0,260.0,260.0,270.0,273.0,270.0,268.0,260.0,260.0,270.0,260.0,260.0,260.0,260.0,275.0,275.0,275.0,270.0,280.0,284.0,300.0,300.0,320.0,330.0,350.0,355.0,355.0,365.0,363.0,370.0,395.0,400.0,400.0,410.0,420.0,420.0,410.0,420.0,420.0,430.0,440.0,430.0,430.0,430.0,420.0,420.0,435.0,435.0,440.0,450.0,450.0,455.0,460.0,450.0,450.0,455.0,460.0,480.0,480.0,485.0,490.0,495.0,495.0,490.0,490.0,490.0,485.0,500.0,510.0,515.0,525.0,510.0,520.0,520.0,510.0,540.0,523.0,513.0,500.0,488.0,490.0,490.0,500.0,530.0,530.0,550.0,550.0,550.0,570.0,600.0,620.0,650.0,650.0,650.0,670.0,680.0
Nunawading-Mitcham,210.0,210.0,205.0,201.0,201.0,218.0,220.0,220.0,220.0,220.0,230.0,230.0,235.0,240.0,240.0,240.0,245.0,240.0,243.0,250.0,248.0,253.0,255.0,255.0,265.0,260.0,265.0,275.0,280.0,281.0,290.0,310.0,320.0,321.0,330.0,335.0,350.0,350.0,363.0,370.0,370.0,380.0,380.0,375.0,380.0,380.0,380.0,383.0,388.0,395.0,395.0,400.0,400.0,400.0,400.0,400.0,400.0,400.0,400.0,410.0,410.0,410.0,420.0,410.0,428.0,430.0,438.0,435.0,435.0,448.0,450.0,460.0,465.0,480.0,478.0,475.0,470.0,465.0,470.0,480.0,475.0,478.0,475.0,475.0,480.0,480.0,480.0,480.0,480.0,485.0,500.0,500.0,520.0,530.0,560.0,563.0,595.0,615.0,620.0,640.0,648.0
Vermont-Forest Hill-Burwood East,200.0,210.0,210.0,213.0,220.0,220.0,220.0,220.0,230.0,230.0,245.0,240.0,230.0,228.0,230.0,230.0,240.0,240.0,240.0,240.0,245.0,250.0,260.0,270.0,268.0,270.0,270.0,268.0,275.0,280.0,290.0,300.0,320.0,328.0,330.0,325.0,340.0,340.0,345.0,355.0,353.0,360.0,370.0,380.0,380.0,380.0,380.0,390.0,390.0,390.0,390.0,380.0,385.0,400.0,410.0,400.0,400.0,400.0,400.0,405.0,410.0,415.0,420.0,420.0,430.0,430.0,430.0,430.0,430.0,430.0,450.0,455.0,475.0,480.0,460.0,460.0,460.0,460.0,460.0,470.0,475.0,463.0,475.0,473.0,450.0,453.0,450.0,460.0,475.0,488.0,500.0,500.0,503.0,515.0,550.0,560.0,600.0,620.0,650.0,650.0,650.0
Aspendale-Chelsea-Carrum,195.0,200.0,205.0,200.0,205.0,205.0,200.0,205.0,210.0,210.0,215.0,220.0,220.0,220.0,220.0,225.0,230.0,230.0,240.0,240.0,240.0,240.0,250.0,255.0,260.0,260.0,260.0,265.0,275.0,280.0,288.0,300.0,310.0,310.0,320.0,320.0,335.0,345.0,350.0,350.0,350.0,350.0,360.0,363.0,360.0,370.0,363.0,370.0,375.0,380.0,390.0,380.0,381.0,390.0,390.0,390.0,400.0,395.0,400.0,405.0,410.0,420.0,415.0,410.0,415.0,420.0,423.0,428.0,435.0,440.0,445.0,450.0,450.0,460.0,475.0,478.0,480.0,475.0,478.0,490.0,495.0,490.0,490.0,485.0,485.0,495.0,500.0,510.0,510.0,510.0,535.0,550.0,550.0,575.0,580.0,595.0,625.0,650.0,655.0,650.0,655.0
Bentleigh,250.0,250.0,250.0,250.0,260.0,268.0,270.0,272.0,280.0,280.0,280.0,280.0,285.0,295.0,300.0,300.0,300.0,295.0,295.0,300.0,300.0,308.0,305.0,308.0,303.0,310.0,320.0,336.0,350.0,350.0,360.0,360.0,375.0,385.0,400.0,410.0,420.0,420.0,428.0,433.0,445.0,450.0,445.0,450.0,450.0,460.0,460.0,460.0,460.0,465.0,465.0,477.0,463.0,465.0,480.0,480.0,490.0,485.0,490.0,490.0,500.0,500.0,500.0,495.0,500.0,500.0,525.0,540.0,540.0,550.0,550.0,560.0,570.0,578.0,585.0,595.0,600.0,600.0,600.0,600.0,590.0,575.0,570.0,560.0,570.0,580.0,580.0,580.0,595.0,600.0,620.0,640.0,650.0,660.0,675.0,680.0,700.0,720.0,750.0,750.0,760.0
Brighton,300.0,300.0,300.0,320.0,345.0,350.0,350.0,350.0,345.0,325.0,353.0,325.0,340.0,340.0,345.0,373.0,350.0,365.0,350.0,350.0,350.0,360.0,385.0,400.0,400.0,400.0,400.0,430.0,460.0,460.0,480.0,495.0,488.0,500.0,500.0,498.0,540.0,550.0,550.0,561.0,595.0,550.0,550.0,585.0,590.0,598.0,600.0,600.0,600.0,625.0,640.0,645.0,680.0,690.0,698.0,700.0,690.0,698.0,688.0,680.0,700.0,705.0,698.0,708.0,695.0,700.0,725.0,705.0,733.0,750.0,750.0,795.0,793.0,750.0,750.0,750.0,750.0,750.0,750.0,750.0,790.0,768.0,790.0,770.0,795.0,800.0,813.0,810.0,800.0,800.0,793.0,850.0,910.0,875.0,950.0,1005.0,1005.0,960.0,960.0,950.0,950.0
Brighton East,270.0,270.0,255.0,270.0,260.0,270.0,325.0,340.0,320.0,320.0,320.0,330.0,325.0,300.0,300.0,300.0,350.0,395.0,363.0,355.0,350.0,350.0,340.0,330.0,325.0,340.0,373.0,400.0,418.0,450.0,450.0,480.0,495.0,538.0,538.0,450.0,520.0,460.0,490.0,496.0,496.0,496.0,500.0,500.0,523.0,548.0,543.0,615.0,615.0,600.0,608.0,600.0,600.0,595.0,540.0,510.0,540.0,563.0,565.0,568.0,560.0,578.0,595.0,593.0,593.0,523.0,523.0,550.0,550.0,625.0,643.0,630.0,630.0,650.0,650.0,673.0,675.0,685.0,683.0,668.0,673.0,625.0,635.0,635.0,625.0,650.0,660.0,690.0,690.0,660.0,640.0,650.0,685.0,690.0,705.0,700.0,748.0,760.0,770.0,760.0,725.0
Carnegie,258.0,255.0,260.0,260.0,270.0,270.0,270.0,270.0,270.0,270.0,265.0,280.0,275.0,290.0,295.0,290.0,300.0,298.0,298.0,300.0,320.0,315.0,320.0,325.0,324.0,330.0,330.0,320.0,325.0,340.0,350.0,355.0,370.0,380.0,380.0,410.0,410.0,415.0,423.0,430.0,445.0,445.0,450.0,450.0,450.0,450.0,475.0,480.0,475.0,470.0,465.0,450.0,450.0,458.0,453.0,473.0,480.0,475.0,480.0,475.0,490.0,490.0,490.0,495.0,520.0,528.0,520.0,533.0,550.0,550.0,550.0,550.0,550.0,560.0,580.0,585.0,585.0,580.0,580.0,580.0,595.0,575.0,558.0,560.0,540.0,550.0,550.0,550.0,550.0,560.0,585.0,590.0,618.0,620.0,650.0,690.0,700.0,703.0,715.0,715.0,750.0
Caulfield,280.0,280.0,290.0,288.0,285.0,300.0,300.0,295.0,300.0,297.0,300.0,305.0,310.0,300.0,300.0,300.0,310.0,310.0,315.0,320.0,310.0,310.0,315.0,318.0,325.0,330.0,338.0,340.0,350.0,353.0,370.0,375.0,400.0,400.0,420.0,430.0,440.0,450.0,450.0,450.0,450.0,450.0,463.0,473.0,480.0,490.0,500.0,500.0,525.0,525.0,520.0,520.0,520.0,500.0,510.0,518.0,520.0,530.0,538.0,543.0,538.0,540.0,535.0,550.0,550.0,550.0,560.0,575.0,580.0,595.0,595.0,590.0,597.0,600.0,605.0,615.0,620.0,610.0,605.0,620.0,630.0,620.0,610.0,595.0,575.0,575.0,575.0,580.0,590.0,595.0,600.0,625.0,650.0,675.0,700.0,715.0,750.0,760.0,773.0,780.0,800.0
Cheltenham,215.0,220.0,220.0,240.0,250.0,250.0,253.0,253.0,240.0,240.0,250.0,250.0,255.0,250.0,250.0,258.0,263.0,260.0,260.0,250.0,260.0,265.0,273.0,283.0,280.0,280.0,293.0,300.0,300.0,310.0,320.0,340.0,350.0,353.0,361.0,360.0,360.0,365.0,360.0,370.0,390.0,398.0,410.0,410.0,400.0,390.0,400.0,410.0,400.0,410.0,410.0,400.0,415.0,415.0,415.0,425.0,428.0,430.0,450.0,450.0,450.0,470.0,460.0,470.0,475.0,475.0,480.0,480.0,485.0,493.0,493.0,495.0,500.0,500.0,500.0,510.0,515.0,520.0,520.0,525.0,525.0,525.0,530.0,530.0,535.0,540.0,550.0,550.0,550.0,570.0,580.0,583.0,595.0,600.0,598.0,620.0,650.0,670.0,680.0,695.0,680.0
Elsternwick,300.0,295.0,295.0,290.0,315.0,343.0,350.0,350.0,330.0,330.0,330.0,350.0,350.0,350.0,350.0,330.0,323.0,323.0,323.0,320.0,340.0,343.0,330.0,330.0,350.0,370.0,375.0,383.0,390.0,388.0,405.0,410.0,410.0,400.0,408.0,415.0,455.0,473.0,465.0,450.0,468.0,460.0,460.0,480.0,480.0,500.0,515.0,515.0,520.0,528.0,520.0,535.0,530.0,520.0,525.0,520.0,530.0,530.0,530.0,540.0,530.0,550.0,550.0,550.0,580.0,560.0,558.0,575.0,555.0,560.0,585.0,575.0,593.0,585.0,585.0,593.0,600.0,608.0,580.0,600.0,600.0,635.0,650.0,650.0,650.0,600.0,618.0,600.0,665.0,685.0,680.0,676.0,679.0,705.0,725.0,788.0,850.0,830.0,825.0,820.0,800.0
Hampton-Beaumaris,300.0,300.0,310.0,320.0,330.0,315.0,320.0,320.0,320.0,320.0,320.0,310.0,320.0,320.0,333.0,350.0,350.0,339.0,320.0,313.0,320.0,330.0,363.0,368.0,368.0,365.0,355.0,380.0,400.0,420.0,420.0,420.0,450.0,475.0,490.0,500.0,500.0,480.0,450.0,465.0,480.0,490.0,505.0,510.0,525.0,530.0,558.0,570.0,555.0,555.0,550.0,550.0,570.0,550.0,575.0,575.0,578.0,598.0,595.0,600.0,640.0,600.0,620.0,600.0,600.0,625.0,650.0,650.0,650.0,650.0,623.0,650.0,650.0,650.0,685.0,680.0,672.0,680.0,665.0,680.0,695.0,718.0,710.0,685.0,680.0,670.0,680.0,695.0,695.0,698.0,700.0,715.0,775.0,768.0,790.0,795.0,795.0,825.0,860.0,875.0,900.0
Malvern,270.0,270.0,260.0,253.0,273.0,283.0,285.0,295.0,335.0,350.0,350.0,350.0,310.0,340.0,345.0,350.0,350.0,358.0,350.0,310.0,300.0,300.0,298.0,295.0,295.0,330.0,345.0,370.0,375.0,380.0,390.0,375.0,378.0,390.0,395.0,398.0,440.0,425.0,435.0,450.0,420.0,450.0,450.0,450.0,450.0,490.0,520.0,505.0,580.0,595.0,540.0,515.0,495.0,495.0,500.0,525.0,550.0,535.0,555.0,580.0,595.0,590.0,575.0,568.0,590.0,655.0,680.0,680.0,640.0,650.0,640.0,650.0,693.0,695.0,688.0,695.0,698.0,700.0,698.0,680.0,680.0,638.0,680.0,755.0,650.0,680.0,680.0,685.0,690.0,695.0,690.0,685.0,713.0,728.0,740.0,745.0,750.0,750.0,755.0,885.0,900.0
Malvern East,260.0,270.0,280.0,298.0,295.0,300.0,310.0,300.0,320.0,310.0,300.0,318.0,315.0,325.0,340.0,340.0,340.0,325.0,320.0,320.0,320.0,340.0,343.0,345.0,345.0,350.0,360.0,355.0,370.0,373.0,380.0,398.0,410.0,400.0,430.0,445.0,450.0,460.0,450.0,450.0,470.0,450.0,470.0,470.0,455.0,480.0,480.0,495.0,498.0,501.0,501.0,500.0,505.0,505.0,503.0,503.0,535.0,540.0,505.0,500.0,520.0,500.0,520.0,530.0,530.0,535.0,553.0,553.0,570.0,580.0,575.0,575.0,580.0,580.0,575.0,590.0,620.0,595.0,630.0,630.0,600.0,630.0,600.0,580.0,578.0,575.0,575.0,580.0,580.0,588.0,600.0,630.0,638.0,650.0,670.0,733.0,750.0,795.0,790.0,798.0,795.0
Mentone-Parkdale-Mordialloc,230.0,230.0,220.0,225.0,230.0,230.0,250.0,250.0,240.0,245.0,240.0,250.0,250.0,260.0,260.0,255.0,255.0,250.0,260.0,260.0,275.0,285.0,285.0,285.0,285.0,290.0,300.0,300.0,310.0,320.0,340.0,340.0,350.0,353.0,355.0,383.0,380.0,395.0,395.0,395.0,395.0,388.0,390.0,420.0,420.0,430.0,420.0,410.0,410.0,410.0,410.0,400.0,408.0,410.0,410.0,430.0,435.0,430.0,455.0,463.0,465.0,465.0,470.0,470.0,470.0,470.0,463.0,475.0,493.0,505.0,505.0,510.0,500.0,510.0,520.0,540.0,550.0,550.0,560.0,568.0,548.0,540.0,535.0,518.0,530.0,523.0,535.0,550.0,575.0,580.0,585.0,600.0,630.0,650.0,655.0,675.0,668.0,678.0,698.0,705.0,740.0
Murrumbeena-Hughesdale,250.0,250.0,245.0,250.0,250.0,260.0,280.0,280.0,277.0,274.0,265.0,268.0,280.0,280.0,290.0,278.0,280.0,280.0,280.0,285.0,300.0,308.0,310.0,310.0,305.0,313.0,313.0,320.0,335.0,350.0,350.0,350.0,360.0,370.0,390.0,400.0,400.0,400.0,400.0,400.0,408.0,420.0,413.0,430.0,430.0,430.0,430.0,450.0,450.0,450.0,450.0,450.0,450.0,453.0,450.0,463.0,450.0,435.0,450.0,448.0,460.0,465.0,460.0,450.0,480.0,480.0,500.0,500.0,488.0,498.0,495.0,495.0,500.0,505.0,520.0,520.0,545.0,550.0,540.0,540.0,530.0,530.0,535.0,550.0,540.0,523.0,503.0,500.0,508.0,525.0,550.0,550.0,575.0,585.0,575.0,610.0,630.0,650.0,650.0,653.0,693.0
Altona,180.0,180.0,180.0,180.0,190.0,190.0,190.0,190.0,190.0,190.0,195.0,195.0,200.0,200.0,200.0,200.0,200.0,200.0,210.0,213.0,220.0,220.0,210.0,218.0,215.0,220.0,230.0,230.0,250.0,250.0,250.0,260.0,260.0,270.0,290.0,285.0,295.0,300.0,300.0,310.0,300.0,310.0,320.0,320.0,320.0,320.0,320.0,325.0,323.0,320.0,320.0,320.0,320.0,330.0,330.0,330.0,340.0,337.0,340.0,345.0,350.0,350.0,360.0,360.0,370.0,375.0,380.0,390.0,392.0,400.0,400.0,395.0,400.0,400.0,410.0,410.0,420.0,420.0,420.0,430.0,420.0,410.0,400.0,400.0,400.0,400.0,400.0,400.0,410.0,410.0,420.0,420.0,430.0,450.0,470.0,490.0,525.0,540.0,550.0,550.0,550.0
Footscray,205.0,200.0,205.0,225.0,225.0,225.0,225.0,223.0,210.0,240.0,230.0,220.0,240.0,235.0,240.0,240.0,231.0,220.0,215.0,255.0,300.0,300.0,250.0,250.0,250.0,250.0,280.0,300.0,315.0,315.0,320.0,320.0,320.0,350.0,350.0,350.0,350.0,350.0,355.0,365.0,373.0,393.0,400.0,388.0,380.0,380.0,380.0,380.0,400.0,383.0,400.0,400.0,425.0,439.0,445.0,450.0,430.0,409.0,407.0,409.0,420.0,433.0,433.0,433.0,430.0,450.0,450.0,453.0,525.0,523.0,550.0,550.0,485.0,518.0,523.0,530.0,523.0,530.0,550.0,550.0,555.0,550.0,550.0,520.0,520.0,520.0,510.0,505.0,500.0,500.0,525.0,545.0,575.0,580.0,600.0,600.0,660.0,675.0,680.0,700.0,700.0
Keilor East-Avondale Heights,200.0,210.0,210.0,215.0,220.0,220.0,225.0,230.0,230.0,230.0,235.0,240.0,240.0,245.0,245.0,240.0,240.0,240.0,240.0,240.0,240.0,240.0,240.0,240.0,250.0,246.0,250.0,257.0,270.0,270.0,270.0,285.0,290.0,300.0,300.0,320.0,320.0,345.0,330.0,330.0,340.0,330.0,355.0,355.0,360.0,360.0,360.0,360.0,360.0,360.0,360.0,360.0,370.0,370.0,380.0,380.0,393.0,400.0,400.0,400.0,400.0,390.0,390.0,393.0,400.0,400.0,415.0,413.0,400.0,413.0,420.0,420.0,430.0,435.0,450.0,450.0,450.0,460.0,440.0,435.0,445.0,450.0,450.0,450.0,450.0,430.0,445.0,438.0,450.0,475.0,483.0,480.0,490.0,498.0,523.0,550.0,600.0,590.0,600.0,600.0,600.0
Melton,145.0,148.0,148.0,143.0,145.0,150.0,150.0,150.0,150.0,155.0,160.0,160.0,163.0,165.0,180.0,180.0,185.0,180.0,175.0,175.0,190.0,190.0,195.0,195.0,195.0,193.0,193.0,198.0,195.0,200.0,210.0,200.0,220.0,220.0,220.0,221.0,230.0,235.0,235.0,250.0,250.0,250.0,250.0,250.0,250.0,255.0,260.0,260.0,260.0,260.0,260.0,260.0,260.0,260.0,260.0,260.0,265.0,270.0,270.0,270.0,270.0,270.0,270.0,275.0,275.0,278.0,275.0,278.0,280.0,280.0,290.0,300.0,300.0,300.0,300.0,310.0,310.0,310.0,310.0,310.0,318.0,310.0,310.0,310.0,310.0,315.0,315.0,320.0,320.0,320.0,320.0,330.0,330.0,340.0,350.0,350.0,360.0,380.0,380.0,393.0,400.0
Newport-Spotswood,223.0,240.0,240.0,240.0,240.0,240.0,245.0,250.0,250.0,250.0,253.0,255.0,250.0,255.0,250.0,295.0,250.0,250.0,250.0,245.0,270.0,270.0,270.0,270.0,295.0,300.0,300.0,300.0,283.0,260.0,330.0,350.0,360.0,370.0,360.0,360.0,373.0,383.0,385.0,390.0,383.0,395.0,395.0,436.0,436.0,430.0,450.0,428.0,440.0,455.0,450.0,450.0,450.0,450.0,450.0,450.0,450.0,450.0,450.0,453.0,460.0,463.0,460.0,480.0,495.0,500.0,520.0,520.0,508.0,503.0,483.0,500.0,540.0,540.0,545.0,545.0,540.0,550.0,535.0,540.0,560.0,558.0,560.0,565.0,520.0,530.0,550.0,550.0,550.0,560.0,550.0,550.0,565.0,578.0,585.0,640.0,670.0,700.0,740.0,730.0,740.0
St Albans-Deer Park,165.0,165.0,170.0,170.0,175.0,175.0,180.0,180.0,180.0,180.0,180.0,180.0,180.0,180.0,180.0,180.0,180.0,180.0,180.0,180.0,180.0,180.0,185.0,185.0,190.0,190.0,190.0,190.0,195.0,200.0,200.0,210.0,220.0,220.0,235.0,240.0,248.0,250.0,260.0,260.0,270.0,270.0,270.0,280.0,280.0,280.0,290.0,290.0,290.0,295.0,290.0,290.0,295.0,295.0,300.0,300.0,300.0,309.0,310.0,310.0,307.0,310.0,310.0,314.0,320.0,325.0,330.0,330.0,330.0,330.0,340.0,340.0,350.0,350.0,350.0,350.0,350.0,360.0,360.0,360.0,360.0,365.0,363.0,360.0,360.0,350.0,350.0,360.0,360.0,360.0,360.0,370.0,380.0,380.0,400.0,400.0,420.0,430.0,450.0,470.0,475.0
Sunshine,160.0,160.0,170.0,170.0,178.0,180.0,180.0,180.0,180.0,180.0,180.0,180.0,180.0,180.0,185.0,190.0,190.0,190.0,190.0,190.0,190.0,190.0,200.0,205.0,200.0,200.0,208.0,210.0,210.0,215.0,223.0,230.0,240.0,250.0,250.0,270.0,270.0,270.0,290.0,280.0,290.0,290.0,290.0,300.0,300.0,310.0,310.0,310.0,305.0,300.0,310.0,310.0,310.0,311.0,311.0,320.0,320.0,330.0,330.0,330.0,330.0,320.0,330.0,330.0,330.0,335.0,340.0,340.0,345.0,350.0,350.0,350.0,350.0,360.0,368.0,380.0,380.0,385.0,385.0,380.0,380.0,380.0,380.0,370.0,370.0,370.0,373.0,380.0,380.0,380.0,390.0,400.0,410.0,428.0,450.0,460.0,470.0,480.0,500.0,505.0,530.0
Sydenham,190.0,190.0,195.0,195.0,200.0,200.0,200.0,200.0,200.0,200.0,200.0,205.0,210.0,210.0,210.0,200.0,200.0,210.0,210.0,205.0,200.0,200.0,210.0,210.0,210.0,210.0,210.0,215.0,220.0,225.0,230.0,235.0,240.0,250.0,250.0,260.0,270.0,270.0,275.0,280.0,280.0,290.0,300.0,300.0,300.0,300.0,310.0,310.0,310.0,315.0,315.0,320.0,320.0,320.0,320.0,320.0,320.0,320.0,320.0,323.0,330.0,330.0,330.0,340.0,340.0,350.0,350.0,350.0,350.0,350.0,350.0,350.0,350.0,360.0,360.0,370.0,370.0,370.0,370.0,370.0,370.0,370.0,370.0,370.0,370.0,370.0,370.0,370.0,370.0,375.0,380.0,380.0,390.0,400.0,400.0,420.0,430.0,450.0,460.0,463.0,470.0
Werribee-Hoppers Crossing,155.0,160.0,160.0,160.0,160.0,165.0,170.0,170.0,170.0,175.0,180.0,175.0,180.0,180.0,183.0,185.0,190.0,185.0,190.0,190.0,190.0,190.0,190.0,190.0,195.0,200.0,200.0,200.0,200.0,210.0,210.0,215.0,220.0,230.0,230.0,240.0,240.0,250.0,250.0,250.0,255.0,260.0,260.0,270.0,270.0,270.0,275.0,275.0,278.0,280.0,275.0,270.0,275.0,275.0,280.0,280.0,280.0,288.0,290.0,290.0,295.0,295.0,300.0,300.0,300.0,310.0,310.0,310.0,320.0,320.0,320.0,325.0,330.0,335.0,340.0,340.0,340.0,340.0,340.0,340.0,345.0,340.0,340.0,340.0,340.0,340.0,340.0,340.0,343.0,350.0,350.0,360.0,370.0,380.0,385.0,400.0,420.0,430.0,450.0,460.0,460.0
West Footscray,215.0,195.0,180.0,188.0,195.0,193.0,195.0,198.0,208.0,198.0,205.0,200.0,200.0,200.0,205.0,220.0,220.0,215.0,200.0,208.0,220.0,220.0,228.0,220.0,220.0,240.0,250.0,250.0,250.0,260.0,280.0,280.0,290.0,300.0,300.0,320.0,330.0,345.0,360.0,358.0,353.0,350.0,350.0,350.0,350.0,350.0,350.0,350.0,350.0,350.0,350.0,360.0,361.0,370.0,370.0,370.0,375.0,385.0,390.0,400.0,410.0,418.0,413.0,400.0,400.0,400.0,420.0,425.0,430.0,430.0,440.0,430.0,430.0,430.0,430.0,440.0,450.0,455.0,460.0,460.0,460.0,460.0,455.0,450.0,450.0,440.0,440.0,450.0,450.0,457.0,460.0,460.0,478.0,493.0,515.0,538.0,550.0,590.0,600.0,600.0,600.0
Williamstown,280.0,270.0,274.0,270.0,277.0,290.0,295.0,300.0,300.0,300.0,280.0,280.0,270.0,300.0,295.0,290.0,330.0,315.0,300.0,310.0,290.0,290.0,290.0,295.0,300.0,303.0,303.0,320.0,300.0,310.0,330.0,360.0,390.0,410.0,430.0,425.0,410.0,395.0,393.0,408.0,410.0,403.0,410.0,430.0,460.0,462.0,460.0,473.0,450.0,450.0,415.0,410.0,415.0,413.0,473.0,488.0,440.0,453.0,468.0,440.0,470.0,470.0,460.0,550.0,560.0,550.0,540.0,540.0,540.0,573.0,565.0,560.0,565.0,550.0,655.0,668.0,653.0,595.0,590.0,530.0,538.0,575.0,550.0,625.0,550.0,560.0,555.0,517.0,555.0,560.0,590.0,600.0,598.0,600.0,630.0,600.0,700.0,700.0,700.0,700.0,643.0
Yarraville-Seddon,220.0,230.0,230.0,,,,,210.0,213.0,,230.0,280.0,280.0,280.0,268.0,250.0,243.0,275.0,295.0,300.0,300.0,290.0,,,,,295.0,300.0,300.0,310.0,311.0,340.0,350.0,360.0,365.0,380.0,375.0,375.0,380.0,380.0,380.0,420.0,420.0,420.0,420.0,420.0,450.0,445.0,420.0,420.0,420.0,445.0,455.0,430.0,428.0,430.0,420.0,470.0,497.0,490.0,510.0,475.0,460.0,480.0,480.0,490.0,525.0,540.0,530.0,540.0,520.0,500.0,490.0,570.0,560.0,560.0,500.0,495.0,520.0,520.0,578.0,573.0,578.0,573.0,550.0,565.0,568.0,568.0,550.0,550.0,550.0,545.0,550.0,613.0,600.0,650.0,650.0,670.0,675.0,678.0,698.0
Broadmeadows-Roxburgh Park,165.0,165.0,170.0,175.0,175.0,175.0,180.0,180.0,180.0,180.0,180.0,185.0,180.0,185.0,185.0,185.0,190.0,185.0,190.0,190.0,195.0,195.0,195.0,195.0,195.0,200.0,205.0,210.0,210.0,210.0,220.0,220.0,230.0,240.0,250.0,270.0,275.0,280.0,280.0,285.0,300.0,300.0,303.0,310.0,310.0,310.0,310.0,310.0,310.0,310.0,310.0,310.0,310.0,310.0,319.0,320.0,320.0,320.0,320.0,330.0,330.0,330.0,330.0,330.0,330.0,330.0,330.0,335.0,340.0,350.0,350.0,350.0,360.0,360.0,360.0,365.0,360.0,360.0,362.0,368.0,370.0,370.0,370.0,380.0,380.0,370.0,369.0,360.0,360.0,372.0,380.0,380.0,380.0,392.0,400.0,420.0,450.0,480.0,500.0,500.0,518.0
Brunswick,265.0,270.0,280.0,280.0,280.0,288.0,290.0,290.0,300.0,300.0,300.0,300.0,290.0,285.0,280.0,290.0,300.0,300.0,300.0,300.0,298.0,300.0,310.0,313.0,320.0,318.0,315.0,325.0,330.0,345.0,345.0,350.0,385.0,388.0,395.0,400.0,420.0,420.0,410.0,420.0,450.0,450.0,480.0,480.0,480.0,490.0,495.0,515.0,515.0,500.0,500.0,500.0,500.0,520.0,525.0,550.0,600.0,600.0,595.0,595.0,580.0,590.0,600.0,600.0,605.0,610.0,615.0,630.0,620.0,645.0,645.0,648.0,650.0,650.0,660.0,650.0,635.0,620.0,620.0,640.0,640.0,640.0,625.0,600.0,595.0,600.0,600.0,623.0,650.0,650.0,650.0,650.0,650.0,680.0,750.0,750.0,780.0,773.0,780.0,800.0,810.0
Coburg-Pascoe Vale South,208.0,200.0,200.0,210.0,235.0,240.0,240.0,233.0,225.0,210.0,210.0,215.0,230.0,230.0,230.0,230.0,260.0,258.0,265.0,270.0,260.0,265.0,265.0,258.0,253.0,238.0,270.0,285.0,285.0,288.0,290.0,300.0,308.0,350.0,350.0,350.0,350.0,350.0,350.0,380.0,415.0,415.0,420.0,430.0,430.0,430.0,430.0,440.0,450.0,450.0,435.0,423.0,420.0,410.0,428.0,433.0,440.0,450.0,450.0,450.0,450.0,450.0,450.0,460.0,480.0,480.0,480.0,498.0,505.0,505.0,500.0,490.0,480.0,490.0,520.0,525.0,540.0,540.0,545.0,550.0,550.0,540.0,543.0,535.0,530.0,530.0,528.0,520.0,535.0,550.0,550.0,550.0,550.0,580.0,610.0,640.0,650.0,650.0,650.0,655.0,700.0
Craigieburn,168.0,170.0,170.0,175.0,175.0,175.0,175.0,180.0,180.0,180.0,180.0,180.0,180.0,180.0,180.0,188.0,200.0,190.0,190.0,190.0,190.0,195.0,200.0,200.0,200.0,200.0,205.0,200.0,218.0,220.0,220.0,230.0,240.0,250.0,250.0,250.0,250.0,263.0,270.0,275.0,280.0,295.0,290.0,290.0,290.0,290.0,300.0,315.0,310.0,310.0,308.0,300.0,300.0,300.0,310.0,310.0,310.0,320.0,320.0,320.0,320.0,320.0,325.0,325.0,330.0,325.0,320.0,330.0,335.0,340.0,350.0,350.0,350.0,350.0,350.0,360.0,360.0,360.0,365.0,370.0,380.0,380.0,370.0,370.0,360.0,365.0,360.0,360.0,365.0,370.0,370.0,380.0,390.0,400.0,410.0,430.0,440.0,450.0,460.0,480.0,480.0
East Brunswick,253.0,288.0,293.0,295.0,295.0,275.0,275.0,280.0,312.0,311.0,312.0,320.0,323.0,340.0,330.0,330.0,335.0,325.0,325.0,330.0,325.0,330.0,340.0,340.0,348.0,340.0,340.0,335.0,340.0,350.0,370.0,370.0,365.0,400.0,415.0,435.0,480.0,460.0,450.0,450.0,450.0,450.0,500.0,500.0,500.0,520.0,520.0,560.0,530.0,540.0,540.0,540.0,553.0,555.0,550.0,567.0,515.0,580.0,580.0,580.0,580.0,580.0,555.0,598.0,600.0,600.0,600.0,590.0,600.0,600.0,633.0,650.0,680.0,688.0,680.0,695.0,675.0,695.0,700.0,675.0,700.0,695.0,690.0,705.0,670.0,670.0,670.0,650.0,655.0,650.0,665.0,700.0,735.0,750.0,770.0,770.0,780.0,825.0,850.0,875.0,880.0
Essendon,228.0,230.0,231.0,231.0,231.0,240.0,245.0,250.0,250.0,250.0,250.0,243.0,250.0,250.0,250.0,260.0,260.0,260.0,260.0,260.0,250.0,250.0,250.0,250.0,265.0,270.0,280.0,280.0,280.0,280.0,290.0,300.0,310.0,320.0,340.0,350.0,350.0,350.0,350.0,350.0,360.0,360.0,368.0,380.0,380.0,380.0,380.0,380.0,380.0,400.0,400.0,400.0,400.0,400.0,400.0,400.0,420.0,420.0,420.0,428.0,420.0,418.0,430.0,435.0,450.0,450.0,450.0,450.0,450.0,450.0,450.0,460.0,465.0,470.0,470.0,485.0,490.0,495.0,500.0,493.0,495.0,483.0,480.0,488.0,490.0,500.0,500.0,500.0,500.0,495.0,495.0,500.0,520.0,530.0,550.0,570.0,620.0,620.0,620.0,625.0,620.0
Gladstone Park-Tullamarine,180.0,180.0,183.0,185.0,190.0,190.0,190.0,195.0,195.0,200.0,200.0,200.0,210.0,210.0,215.0,215.0,210.0,210.0,210.0,210.0,210.0,205.0,208.0,210.0,210.0,215.0,220.0,220.0,230.0,230.0,230.0,250.0,250.0,263.0,270.0,270.0,280.0,285.0,300.0,300.0,313.0,323.0,330.0,330.0,320.0,330.0,330.0,330.0,335.0,330.0,340.0,340.0,330.0,330.0,330.0,330.0,330.0,340.0,340.0,350.0,350.0,350.0,350.0,350.0,340.0,340.0,350.0,359.0,360.0,370.0,370.0,370.0,370.0,380.0,380.0,390.0,398.0,400.0,400.0,400.0,400.0,400.0,400.0,400.0,395.0,390.0,390.0,390.0,410.0,420.0,420.0,430.0,435.0,450.0,450.0,470.0,490.0,500.0,500.0,530.0,530.0
Keilor,215.0,220.0,220.0,215.0,218.0,220.0,220.0,220.0,220.0,220.0,220.0,220.0,,,,,,,,,,,,,,,230.0,240.0,240.0,253.0,260.0,270.0,270.0,270.0,285.0,300.0,310.0,,,,,,,,,,,,320.0,,,,,345.0,350.0,350.0,363.0,400.0,383.0,370.0,346.0,340.0,340.0,,,370.0,,,400.0,,,,,,,,,,450.0,,,,,,,,,,,,,,,,,,,,,,
Moonee Ponds-Ascot Vale,240.0,250.0,260.0,270.0,280.0,285.0,288.0,280.0,280.0,270.0,280.0,280.0,270.0,280.0,270.0,280.0,290.0,280.0,280.0,280.0,280.0,290.0,300.0,300.0,300.0,300.0,320.0,328.0,335.0,350.0,350.0,360.0,380.0,380.0,390.0,400.0,395.0,390.0,390.0,390.0,390.0,398.0,416.0,400.0,435.0,450.0,445.0,465.0,465.0,465.0,450.0,460.0,455.0,460.0,473.0,470.0,473.0,450.0,450.0,450.0,465.0,480.0,480.0,490.0,465.0,475.0,480.0,490.0,495.0,495.0,500.0,490.0,500.0,500.0,525.0,545.0,555.0,575.0,595.0,580.0,560.0,560.0,555.0,550.0,540.0,550.0,550.0,555.0,560.0,560.0,553.0,579.0,598.0,645.0,661.0,658.0,695.0,700.0,720.0,725.0,725.0
Oak Park-Glenroy-Fawkner,170.0,170.0,175.0,180.0,200.0,200.0,190.0,190.0,190.0,195.0,200.0,210.0,215.0,210.0,210.0,210.0,210.0,210.0,213.0,213.0,220.0,215.0,220.0,220.0,220.0,220.0,230.0,235.0,240.0,240.0,248.0,265.0,270.0,290.0,300.0,325.0,348.0,350.0,345.0,350.0,350.0,350.0,350.0,350.0,360.0,360.0,350.0,350.0,350.0,350.0,350.0,350.0,350.0,350.0,350.0,350.0,360.0,360.0,370.0,370.0,370.0,370.0,370.0,380.0,390.0,390.0,395.0,400.0,400.0,400.0,400.0,408.0,405.0,420.0,425.0,430.0,430.0,445.0,440.0,440.0,440.0,440.0,440.0,440.0,430.0,428.0,425.0,420.0,425.0,430.0,443.0,450.0,463.0,480.0,500.0,530.0,550.0,565.0,585.0,595.0,600.0
Pascoe Vale-Coburg North,200.0,210.0,220.0,220.0,221.0,228.0,230.0,230.0,230.0,230.0,230.0,230.0,230.0,225.0,230.0,230.0,240.0,243.0,250.0,250.0,250.0,250.0,250.0,250.0,260.0,260.0,270.0,275.0,280.0,280.0,295.0,300.0,310.0,320.0,330.0,333.0,350.0,350.0,350.0,370.0,360.0,350.0,350.0,360.0,370.0,375.0,375.0,375.0,380.0,380.0,383.0,383.0,385.0,385.0,380.0,380.0,380.0,383.0,390.0,390.0,395.0,400.0,400.0,400.0,400.0,415.0,420.0,420.0,423.0,430.0,430.0,443.0,450.0,450.0,470.0,470.0,475.0,480.0,485.0,498.0,500.0,500.0,493.0,480.0,473.0,466.0,470.0,470.0,480.0,475.0,490.0,499.0,499.0,520.0,530.0,550.0,593.0,600.0,613.0,615.0,600.0
Sunbury,170.0,180.0,180.0,180.0,185.0,183.0,180.0,185.0,185.0,193.0,205.0,205.0,200.0,210.0,210.0,220.0,220.0,220.0,220.0,210.0,213.0,215.0,215.0,220.0,215.0,218.0,225.0,230.0,230.0,225.0,225.0,225.0,248.0,260.0,260.0,270.0,265.0,265.0,265.0,268.0,275.0,280.0,280.0,290.0,290.0,290.0,305.0,300.0,310.0,310.0,300.0,310.0,310.0,310.0,315.0,310.0,310.0,310.0,310.0,310.0,312.0,315.0,315.0,320.0,315.0,320.0,320.0,320.0,325.0,330.0,330.0,330.0,340.0,345.0,350.0,350.0,355.0,358.0,360.0,358.0,355.0,360.0,360.0,360.0,370.0,370.0,370.0,370.0,370.0,380.0,385.0,400.0,400.0,405.0,410.0,418.0,440.0,450.0,460.0,465.0,475.0
West Brunswick,230.0,,250.0,250.0,250.0,263.0,250.0,270.0,283.0,290.0,290.0,290.0,300.0,300.0,295.0,295.0,285.0,280.0,280.0,280.0,290.0,290.0,290.0,300.0,300.0,310.0,318.0,320.0,335.0,325.0,340.0,350.0,368.0,380.0,368.0,400.0,370.0,368.0,350.0,345.0,400.0,400.0,400.0,400.0,435.0,435.0,435.0,450.0,460.0,460.0,465.0,455.0,450.0,450.0,465.0,490.0,500.0,500.0,495.0,495.0,480.0,483.0,490.0,488.0,500.0,520.0,500.0,525.0,550.0,560.0,560.0,550.0,550.0,550.0,570.0,595.0,550.0,588.0,550.0,550.0,575.0,550.0,550.0,550.0,550.0,550.0,550.0,550.0,545.0,550.0,550.0,550.0,550.0,595.0,650.0,700.0,700.0,700.0,700.0,700.0,700.0
Bundoora-Greensborough-Hurstbridge,200.0,200.0,210.0,210.0,220.0,220.0,220.0,220.0,225.0,225.0,223.0,230.0,230.0,235.0,240.0,240.0,240.0,240.0,248.0,250.0,250.0,250.0,250.0,250.0,255.0,251.0,260.0,270.0,275.0,280.0,283.0,290.0,300.0,300.0,310.0,320.0,330.0,330.0,330.0,330.0,340.0,345.0,350.0,350.0,360.0,365.0,365.0,365.0,360.0,350.0,350.0,358.0,350.0,360.0,360.0,360.0,370.0,370.0,375.0,380.0,390.0,380.0,380.0,380.0,380.0,380.0,388.0,390.0,400.0,400.0,400.0,402.0,420.0,420.0,430.0,425.0,430.0,430.0,430.0,445.0,440.0,440.0,440.0,440.0,440.0,445.0,445.0,450.0,450.0,470.0,470.0,475.0,480.0,480.0,500.0,500.0,530.0,550.0,550.0,580.0,588.0
Eltham-Research-Montmorency,215.0,220.0,220.0,220.0,225.0,220.0,230.0,240.0,240.0,245.0,250.0,250.0,250.0,250.0,255.0,253.0,250.0,250.0,250.0,250.0,250.0,260.0,265.0,264.0,265.0,260.0,262.0,270.0,273.0,290.0,300.0,300.0,310.0,318.0,320.0,330.0,350.0,356.0,355.0,350.0,355.0,360.0,370.0,373.0,380.0,393.0,390.0,390.0,380.0,370.0,370.0,370.0,370.0,370.0,365.0,370.0,365.0,380.0,400.0,400.0,410.0,410.0,410.0,410.0,410.0,420.0,423.0,430.0,430.0,430.0,440.0,440.0,450.0,450.0,460.0,450.0,450.0,450.0,450.0,450.0,460.0,460.0,460.0,465.0,470.0,478.0,490.0,493.0,500.0,513.0,530.0,540.0,543.0,540.0,550.0,550.0,568.0,575.0,593.0,608.0,620.0
Fairfield-Alphington,300.0,295.0,325.0,325.0,295.0,280.0,280.0,280.0,280.0,290.0,290.0,300.0,290.0,295.0,300.0,275.0,295.0,278.0,280.0,290.0,300.0,315.0,315.0,321.0,338.0,330.0,330.0,330.0,340.0,350.0,358.0,365.0,383.0,388.0,395.0,395.0,405.0,410.0,425.0,433.0,450.0,450.0,450.0,440.0,440.0,450.0,485.0,475.0,480.0,480.0,475.0,495.0,520.0,530.0,530.0,530.0,530.0,550.0,565.0,565.0,590.0,550.0,550.0,550.0,550.0,573.0,580.0,578.0,590.0,570.0,563.0,565.0,575.0,585.0,590.0,600.0,595.0,588.0,615.0,650.0,650.0,645.0,640.0,595.0,595.0,600.0,595.0,598.0,610.0,600.0,650.0,650.0,650.0,670.0,690.0,750.0,798.0,800.0,885.0,890.0,890.0
Heidelberg-Heidelberg West,220.0,230.0,230.0,230.0,233.0,225.0,240.0,245.0,243.0,245.0,250.0,248.0,255.0,250.0,250.0,260.0,260.0,260.0,255.0,245.0,250.0,250.0,260.0,270.0,280.0,283.0,290.0,300.0,310.0,320.0,320.0,320.0,330.0,340.0,350.0,358.0,368.0,380.0,375.0,370.0,370.0,370.0,370.0,380.0,380.0,388.0,388.0,390.0,390.0,380.0,380.0,380.0,395.0,390.0,395.0,396.0,395.0,400.0,400.0,400.0,405.0,410.0,410.0,415.0,415.0,420.0,425.0,420.0,430.0,430.0,450.0,460.0,480.0,480.0,480.0,480.0,468.0,475.0,483.0,495.0,498.0,495.0,485.0,483.0,473.0,480.0,480.0,480.0,490.0,500.0,500.0,505.0,525.0,525.0,550.0,585.0,600.0,600.0,620.0,635.0,650.0
Ivanhoe-Ivanhoe East,215.0,230.0,240.0,245.0,253.0,255.0,250.0,260.0,270.0,275.0,270.0,270.0,275.0,270.0,270.0,275.0,298.0,320.0,320.0,330.0,333.0,350.0,348.0,350.0,350.0,335.0,350.0,328.0,330.0,340.0,350.0,351.0,380.0,390.0,405.0,420.0,410.0,425.0,405.0,420.0,430.0,430.0,460.0,460.0,460.0,463.0,455.0,463.0,480.0,490.0,490.0,470.0,475.0,465.0,470.0,470.0,460.0,460.0,460.0,470.0,485.0,480.0,495.0,500.0,505.0,515.0,520.0,515.0,550.0,560.0,560.0,560.0,545.0,550.0,545.0,550.0,550.0,560.0,575.0,585.0,590.0,593.0,600.0,595.0,570.0,560.0,560.0,560.0,565.0,590.0,590.0,595.0,610.0,623.0,689.0,695.0,710.0,720.0,700.0,700.0,705.0
Mill Park-Epping,185.0,185.0,190.0,190.0,190.0,193.0,190.0,195.0,200.0,200.0,200.0,205.0,205.0,205.0,205.0,210.0,200.0,200.0,210.0,210.0,213.0,215.0,215.0,215.0,215.0,220.0,220.0,220.0,230.0,230.0,240.0,250.0,250.0,260.0,260.0,270.0,280.0,285.0,290.0,295.0,298.0,300.0,300.0,300.0,310.0,310.0,310.0,311.0,310.0,310.0,310.0,310.0,310.0,310.0,305.0,310.0,310.0,315.0,315.0,320.0,320.0,320.0,320.0,320.0,330.0,330.0,330.0,340.0,340.0,345.0,350.0,350.0,350.0,350.0,350.0,360.0,360.0,360.0,360.0,360.0,360.0,365.0,370.0,370.0,368.0,370.0,370.0,370.0,370.0,370.0,380.0,390.0,400.0,410.0,415.0,430.0,460.0,475.0,480.0,498.0,500.0
Northcote,275.0,285.0,278.0,280.0,290.0,283.0,288.0,285.0,300.0,300.0,300.0,300.0,300.0,300.0,300.0,310.0,315.0,310.0,310.0,300.0,305.0,318.0,330.0,330.0,333.0,333.0,340.0,375.0,393.0,393.0,393.0,390.0,420.0,420.0,430.0,440.0,440.0,450.0,493.0,495.0,500.0,500.0,500.0,500.0,500.0,505.0,510.0,530.0,530.0,550.0,550.0,550.0,550.0,550.0,550.0,550.0,570.0,580.0,600.0,600.0,600.0,600.0,600.0,600.0,605.0,620.0,620.0,615.0,605.0,620.0,620.0,615.0,630.0,645.0,650.0,660.0,650.0,650.0,650.0,678.0,680.0,675.0,670.0,650.0,625.0,640.0,650.0,650.0,650.0,655.0,680.0,693.0,700.0,700.0,745.0,770.0,800.0,788.0,780.0,795.0,800.0
Preston,200.0,200.0,200.0,200.0,210.0,210.0,225.0,220.0,220.0,230.0,230.0,240.0,240.0,235.0,235.0,230.0,223.0,220.0,220.0,225.0,233.0,240.0,250.0,250.0,250.0,260.0,270.0,280.0,270.0,270.0,285.0,300.0,300.0,330.0,340.0,340.0,350.0,360.0,360.0,365.0,380.0,376.0,380.0,390.0,400.0,400.0,400.0,400.0,400.0,400.0,400.0,420.0,430.0,435.0,420.0,430.0,450.0,430.0,440.0,430.0,425.0,430.0,430.0,430.0,450.0,450.0,450.0,460.0,460.0,460.0,460.0,460.0,470.0,490.0,493.0,490.0,500.0,500.0,500.0,500.0,493.0,498.0,500.0,500.0,493.0,490.0,490.0,495.0,500.0,500.0,510.0,530.0,550.0,560.0,575.0,600.0,625.0,645.0,650.0,673.0,690.0
Reservoir,190.0,190.0,190.0,190.0,198.0,200.0,200.0,200.0,200.0,208.0,210.0,210.0,210.0,210.0,210.0,210.0,215.0,215.0,220.0,220.0,220.0,225.0,225.0,230.0,230.0,230.0,230.0,233.0,240.0,250.0,260.0,260.0,270.0,280.0,290.0,300.0,320.0,323.0,330.0,330.0,326.0,330.0,330.0,340.0,340.0,350.0,350.0,350.0,350.0,350.0,350.0,350.0,350.0,350.0,355.0,360.0,360.0,360.0,365.0,365.0,368.0,370.0,370.0,370.0,380.0,380.0,380.0,390.0,390.0,393.0,400.0,400.0,400.0,410.0,420.0,420.0,425.0,420.0,425.0,430.0,435.0,440.0,435.0,430.0,420.0,420.0,425.0,430.0,430.0,445.0,450.0,450.0,450.0,465.0,500.0,520.0,540.0,550.0,560.0,580.0,600.0
Thomastown-Lalor,165.0,165.0,170.0,175.0,178.0,180.0,180.0,180.0,180.0,190.0,193.0,200.0,193.0,190.0,190.0,190.0,190.0,190.0,190.0,193.0,195.0,200.0,195.0,200.0,210.0,210.0,210.0,208.0,205.0,220.0,230.0,230.0,230.0,250.0,260.0,280.0,280.0,290.0,300.0,300.0,300.0,300.0,300.0,300.0,306.0,306.0,310.0,310.0,310.0,320.0,310.0,310.0,310.0,310.0,320.0,320.0,320.0,320.0,320.0,320.0,325.0,325.0,330.0,330.0,340.0,350.0,350.0,350.0,350.0,350.0,348.0,350.0,350.0,360.0,370.0,375.0,370.0,380.0,377.0,373.0,381.0,380.0,388.0,383.0,375.0,370.0,370.0,375.0,375.0,385.0,390.0,400.0,400.0,410.0,430.0,450.0,490.0,490.0,498.0,500.0,500.0
Thornbury,220.0,225.0,225.0,210.0,245.0,250.0,250.0,253.0,240.0,240.0,240.0,230.0,240.0,240.0,240.0,245.0,240.0,230.0,235.0,250.0,281.0,300.0,275.0,281.0,280.0,270.0,285.0,285.0,285.0,320.0,328.0,340.0,350.0,360.0,380.0,380.0,400.0,400.0,385.0,380.0,375.0,380.0,388.0,395.0,398.0,398.0,400.0,412.0,448.0,475.0,480.0,478.0,440.0,440.0,435.0,445.0,460.0,475.0,495.0,495.0,518.0,500.0,500.0,510.0,490.0,520.0,550.0,560.0,580.0,580.0,605.0,603.0,598.0,600.0,593.0,603.0,630.0,630.0,630.0,620.0,598.0,600.0,600.0,615.0,600.0,593.0,590.0,590.0,600.0,600.0,600.0,630.0,650.0,673.0,675.0,695.0,700.0,695.0,723.0,720.0,720.0
Whittlesea,,,,,,,,,,,,,,,,,,,,,,,,,,,,,,215.0,245.0,245.0,268.0,,,,,,,,,,,,,,,,,,315.0,320.0,318.0,315.0,310.0,310.0,310.0,310.0,310.0,310.0,310.0,315.0,320.0,320.0,320.0,318.0,325.0,325.0,325.0,325.0,327.0,330.0,340.0,345.0,345.0,350.0,370.0,370.0,370.0,368.0,360.0,360.0,365.0,370.0,380.0,380.0,380.0,380.0,383.0,385.0,400.0,400.0,410.0,410.0,420.0,455.0,480.0,480.0,500.0,500.0,500.0
Bayswater,170.0,175.0,175.0,185.0,188.0,190.0,190.0,190.0,190.0,190.0,190.0,195.0,195.0,195.0,200.0,200.0,207.0,208.0,209.0,210.0,210.0,210.0,223.0,230.0,240.0,240.0,245.0,240.0,245.0,245.0,240.0,260.0,265.0,270.0,280.0,280.0,300.0,300.0,300.0,300.0,300.0,320.0,320.0,330.0,330.0,330.0,340.0,350.0,350.0,350.0,350.0,350.0,350.0,360.0,360.0,360.0,360.0,360.0,360.0,370.0,370.0,365.0,373.0,370.0,380.0,380.0,380.0,380.0,380.0,395.0,400.0,400.0,410.0,400.0,400.0,400.0,410.0,410.0,410.0,410.0,420.0,420.0,420.0,420.0,425.0,435.0,435.0,440.0,450.0,450.0,450.0,460.0,470.0,480.0,500.0,520.0,536.0,560.0,575.0,580.0,583.0
Boronia,180.0,180.0,190.0,193.0,195.0,195.0,190.0,195.0,198.0,200.0,205.0,210.0,210.0,210.0,210.0,210.0,210.0,210.0,210.0,213.0,220.0,220.0,230.0,230.0,230.0,240.0,240.0,243.0,250.0,250.0,250.0,260.0,265.0,275.0,285.0,290.0,295.0,300.0,300.0,310.0,325.0,340.0,340.0,340.0,350.0,350.0,350.0,350.0,350.0,350.0,350.0,350.0,350.0,360.0,360.0,360.0,350.0,355.0,355.0,360.0,365.0,365.0,370.0,365.0,368.0,370.0,370.0,380.0,385.0,390.0,390.0,400.0,400.0,400.0,410.0,410.0,410.0,410.0,400.0,400.0,415.0,420.0,420.0,420.0,420.0,420.0,420.0,423.0,430.0,440.0,450.0,450.0,460.0,470.0,490.0,500.0,520.0,550.0,550.0,580.0,585.0
Croydon-Lilydale,185.0,190.0,195.0,200.0,200.0,200.0,200.0,200.0,200.0,200.0,205.0,205.0,210.0,210.0,210.0,215.0,215.0,211.0,215.0,215.0,220.0,220.0,220.0,225.0,230.0,230.0,240.0,240.0,240.0,250.0,255.0,270.0,278.0,285.0,300.0,300.0,310.0,310.0,320.0,320.0,330.0,330.0,339.0,340.0,345.0,350.0,350.0,360.0,360.0,360.0,360.0,360.0,360.0,360.0,360.0,360.0,360.0,365.0,373.0,378.0,380.0,385.0,390.0,390.0,395.0,400.0,400.0,400.0,400.0,400.0,400.0,415.0,420.0,420.0,420.0,425.0,425.0,430.0,430.0,430.0,430.0,430.0,440.0,440.0,440.0,450.0,450.0,465.0,470.0,470.0,478.0,480.0,500.0,513.0,530.0,550.0,550.0,560.0,580.0,600.0,610.0
Ferntree Gully,175.0,170.0,183.0,190.0,190.0,195.0,195.0,190.0,190.0,188.0,189.0,190.0,190.0,195.0,200.0,200.0,200.0,200.0,205.0,220.0,210.0,220.0,220.0,220.0,225.0,228.0,225.0,225.0,233.0,230.0,260.0,265.0,263.0,270.0,280.0,288.0,290.0,300.0,295.0,300.0,310.0,310.0,330.0,340.0,340.0,340.0,350.0,350.0,350.0,350.0,350.0,353.0,355.0,360.0,355.0,350.0,355.0,351.0,351.0,355.0,360.0,370.0,370.0,370.0,370.0,380.0,390.0,390.0,390.0,390.0,390.0,400.0,410.0,418.0,420.0,428.0,430.0,430.0,430.0,430.0,430.0,430.0,430.0,440.0,440.0,440.0,440.0,440.0,440.0,450.0,450.0,470.0,480.0,498.0,510.0,520.0,560.0,563.0,580.0,580.0,573.0
Ringwood,190.0,190.0,205.0,200.0,210.0,210.0,210.0,210.0,215.0,220.0,220.0,220.0,220.0,220.0,220.0,220.0,220.0,220.0,220.0,225.0,225.0,230.0,235.0,235.0,240.0,240.0,240.0,250.0,255.0,260.0,260.0,270.0,280.0,298.0,310.0,310.0,320.0,320.0,320.0,330.0,330.0,340.0,345.0,350.0,350.0,350.0,355.0,360.0,365.0,370.0,365.0,360.0,360.0,360.0,370.0,370.0,380.0,380.0,385.0,400.0,400.0,400.0,400.0,400.0,400.0,400.0,410.0,415.0,420.0,430.0,430.0,425.0,425.0,425.0,430.0,440.0,435.0,440.0,435.0,445.0,450.0,450.0,450.0,450.0,450.0,450.0,450.0,453.0,460.0,480.0,480.0,480.0,495.0,500.0,540.0,555.0,580.0,595.0,600.0,620.0,620.0
Rowville,210.0,210.0,200.0,200.0,200.0,216.0,215.0,220.0,223.0,220.0,225.0,230.0,230.0,230.0,230.0,225.0,225.0,230.0,230.0,235.0,240.0,240.0,240.0,240.0,240.0,260.0,260.0,263.0,260.0,260.0,265.0,265.0,280.0,290.0,300.0,300.0,300.0,305.0,318.0,320.0,340.0,340.0,340.0,350.0,360.0,370.0,360.0,360.0,360.0,353.0,350.0,350.0,350.0,350.0,360.0,370.0,370.0,368.0,370.0,379.0,380.0,375.0,390.0,375.0,373.0,388.0,400.0,400.0,400.0,400.0,400.0,400.0,400.0,420.0,420.0,425.0,435.0,440.0,440.0,430.0,410.0,433.0,440.0,438.0,448.0,450.0,450.0,450.0,450.0,445.0,460.0,483.0,493.0,495.0,500.0,523.0,538.0,543.0,580.0,600.0,625.0
Wantirna-Scoresby,230.0,230.0,230.0,230.0,230.0,235.0,235.0,230.0,235.0,235.0,243.0,245.0,240.0,240.0,240.0,240.0,250.0,250.0,245.0,245.0,245.0,245.0,245.0,250.0,250.0,250.0,255.0,260.0,268.0,270.0,275.0,275.0,285.0,295.0,310.0,315.0,320.0,330.0,340.0,340.0,340.0,350.0,350.0,350.0,360.0,355.0,360.0,365.0,360.0,365.0,370.0,370.0,370.0,380.0,380.0,380.0,380.0,380.0,380.0,380.0,385.0,390.0,400.0,400.0,400.0,400.0,400.0,400.0,400.0,403.0,420.0,420.0,415.0,420.0,415.0,420.0,428.0,440.0,440.0,440.0,440.0,440.0,445.0,450.0,440.0,438.0,440.0,440.0,450.0,460.0,460.0,468.0,480.0,500.0,523.0,530.0,550.0,565.0,584.0,593.0,595.0
Yarra Ranges,160.0,150.0,150.0,160.0,160.0,160.0,158.0,155.0,150.0,155.0,155.0,163.0,175.0,180.0,198.0,195.0,198.0,200.0,180.0,180.0,183.0,185.0,190.0,220.0,220.0,228.0,240.0,240.0,238.0,238.0,250.0,260.0,260.0,270.0,270.0,290.0,300.0,300.0,320.0,328.0,330.0,330.0,330.0,350.0,350.0,350.0,350.0,345.0,333.0,330.0,330.0,340.0,350.0,350.0,350.0,350.0,350.0,340.0,345.0,350.0,350.0,350.0,360.0,360.0,360.0,360.0,370.0,370.0,373.0,373.0,380.0,383.0,390.0,390.0,390.0,390.0,390.0,395.0,395.0,399.0,400.0,400.0,400.0,400.0,400.0,400.0,400.0,400.0,400.0,430.0,450.0,480.0,500.0,500.0,493.0,500.0,490.0,510.0,520.0,535.0,545.0
Berwick,180.0,180.0,198.0,195.0,200.0,200.0,205.0,210.0,210.0,210.0,200.0,205.0,205.0,206.0,210.0,210.0,210.0,210.0,210.0,210.0,210.0,210.0,215.0,220.0,220.0,220.0,225.0,230.0,235.0,240.0,240.0,250.0,250.0,260.0,265.0,280.0,280.0,280.0,280.0,285.0,295.0,300.0,310.0,315.0,320.0,320.0,320.0,330.0,330.0,330.0,330.0,330.0,330.0,335.0,340.0,340.0,340.0,340.0,345.0,345.0,340.0,345.0,345.0,350.0,350.0,360.0,360.0,360.0,360.0,360.0,370.0,370.0,375.0,375.0,380.0,380.0,380.0,380.0,380.0,380.0,373.0,378.0,370.0,370.0,385.0,390.0,400.0,400.0,400.0,405.0,410.0,420.0,430.0,440.0,450.0,460.0,480.0,500.0,505.0,517.0,550.0
Cranbourne,145.0,145.0,145.0,145.0,145.0,145.0,150.0,150.0,150.0,155.0,155.0,156.0,155.0,160.0,160.0,163.0,170.0,170.0,165.0,170.0,175.0,180.0,185.0,185.0,185.0,185.0,185.0,185.0,190.0,190.0,200.0,200.0,210.0,220.0,220.0,223.0,240.0,245.0,243.0,250.0,250.0,265.0,270.0,270.0,270.0,270.0,280.0,270.0,280.0,280.0,283.0,285.0,280.0,285.0,288.0,288.0,300.0,300.0,300.0,300.0,305.0,310.0,310.0,310.0,310.0,310.0,315.0,328.0,325.0,330.0,335.0,340.0,350.0,343.0,340.0,340.0,340.0,345.0,350.0,350.0,350.0,353.0,353.0,360.0,355.0,375.0,380.0,380.0,385.0,390.0,400.0,410.0,413.0,425.0,450.0,460.0,473.0,495.0,500.0,520.0,530.0
Dandenong,160.0,160.0,160.0,165.0,165.0,165.0,168.0,175.0,180.0,180.0,185.0,186.0,190.0,190.0,190.0,190.0,190.0,195.0,195.0,195.0,200.0,200.0,200.0,200.0,210.0,220.0,220.0,225.0,230.0,230.0,230.0,240.0,253.0,270.0,275.0,280.0,290.0,290.0,300.0,300.0,300.0,310.0,310.0,320.0,320.0,320.0,320.0,320.0,325.0,325.0,330.0,330.0,330.0,340.0,340.0,340.0,350.0,350.0,350.0,350.0,350.0,350.0,350.0,350.0,350.0,358.0,360.0,360.0,360.0,370.0,375.0,380.0,385.0,390.0,400.0,400.0,400.0,400.0,400.0,400.0,400.0,400.0,400.0,400.0,400.0,400.0,400.0,400.0,400.0,410.0,420.0,420.0,423.0,445.0,450.0,480.0,500.0,550.0,555.0,580.0,580.0
Dandenong North-Endeavour Hills,175.0,175.0,178.0,175.0,185.0,185.0,185.0,185.0,185.0,190.0,190.0,190.0,190.0,190.0,190.0,190.0,190.0,193.0,195.0,195.0,200.0,200.0,200.0,200.0,200.0,210.0,210.0,215.0,220.0,228.0,230.0,230.0,240.0,250.0,260.0,280.0,280.0,280.0,280.0,280.0,290.0,295.0,300.0,300.0,300.0,300.0,310.0,310.0,310.0,319.0,310.0,313.0,315.0,320.0,323.0,325.0,330.0,330.0,337.0,337.0,330.0,330.0,330.0,335.0,340.0,340.0,345.0,345.0,350.0,350.0,360.0,360.0,360.0,360.0,360.0,360.0,365.0,365.0,360.0,360.0,360.0,360.0,365.0,370.0,370.0,370.0,370.0,380.0,385.0,390.0,400.0,400.0,403.0,420.0,450.0,450.0,490.0,500.0,520.0,530.0,530.0
Narre Warren-Hampton Park,160.0,160.0,165.0,165.0,165.0,165.0,168.0,165.0,170.0,170.0,170.0,175.0,175.0,180.0,185.0,180.0,185.0,185.0,190.0,195.0,195.0,195.0,196.0,200.0,210.0,210.0,210.0,210.0,210.0,215.0,220.0,225.0,235.0,240.0,245.0,250.0,250.0,260.0,270.0,278.0,280.0,280.0,283.0,290.0,300.0,300.0,305.0,310.0,310.0,310.0,310.0,310.0,310.0,310.0,310.0,315.0,320.0,320.0,320.0,320.0,320.0,320.0,325.0,325.0,330.0,330.0,330.0,335.0,340.0,350.0,350.0,350.0,350.0,360.0,365.0,370.0,370.0,363.0,370.0,360.0,365.0,370.0,370.0,370.0,375.0,373.0,380.0,380.0,380.0,390.0,400.0,400.0,415.0,420.0,435.0,455.0,490.0,500.0,510.0,520.0,520.0
Noble Park,155.0,155.0,160.0,160.0,160.0,160.0,160.0,165.0,165.0,170.0,170.0,165.0,170.0,165.0,170.0,175.0,180.0,185.0,185.0,185.0,185.0,190.0,200.0,200.0,205.0,211.0,220.0,220.0,230.0,230.0,235.0,240.0,250.0,260.0,270.0,275.0,280.0,300.0,300.0,300.0,300.0,300.0,310.0,320.0,320.0,325.0,324.0,320.0,320.0,325.0,329.0,330.0,330.0,330.0,330.0,335.0,340.0,340.0,340.0,345.0,340.0,340.0,340.0,340.0,350.0,350.0,350.0,360.0,360.0,365.0,368.0,370.0,375.0,375.0,380.0,385.0,390.0,390.0,390.0,395.0,400.0,395.0,395.0,390.0,380.0,383.0,380.0,390.0,400.0,405.0,410.0,415.0,415.0,430.0,450.0,485.0,500.0,540.0,550.0,550.0,570.0
Pakenham,150.0,150.0,150.0,150.0,153.0,160.0,168.0,170.0,170.0,170.0,170.0,170.0,175.0,178.0,180.0,180.0,180.0,180.0,180.0,183.0,185.0,185.0,185.0,185.0,193.0,195.0,200.0,195.0,195.0,195.0,200.0,208.0,220.0,230.0,230.0,240.0,250.0,250.0,250.0,250.0,255.0,260.0,265.0,270.0,270.0,270.0,280.0,280.0,280.0,280.0,280.0,280.0,280.0,280.0,280.0,285.0,285.0,285.0,290.0,290.0,290.0,290.0,290.0,295.0,300.0,300.0,310.0,310.0,315.0,318.0,315.0,320.0,320.0,320.0,325.0,325.0,330.0,330.0,330.0,330.0,340.0,340.0,340.0,340.0,340.0,340.0,343.0,350.0,360.0,360.0,380.0,385.0,400.0,400.0,413.0,420.0,450.0,460.0,470.0,483.0,490.0
Springvale,160.0,160.0,160.0,160.0,160.0,160.0,165.0,170.0,170.0,170.0,175.0,175.0,180.0,180.0,180.0,185.0,184.0,185.0,188.0,190.0,195.0,200.0,206.0,206.0,210.0,220.0,220.0,220.0,220.0,230.0,240.0,250.0,260.0,280.0,280.0,293.0,300.0,310.0,320.0,323.0,330.0,330.0,330.0,335.0,330.0,340.0,335.0,333.0,335.0,335.0,340.0,350.0,350.0,350.0,350.0,350.0,350.0,360.0,360.0,360.0,365.0,375.0,380.0,380.0,395.0,393.0,390.0,390.0,400.0,400.0,400.0,400.0,410.0,420.0,420.0,428.0,430.0,435.0,440.0,450.0,445.0,445.0,450.0,440.0,435.0,430.0,430.0,440.0,450.0,450.0,460.0,470.0,470.0,480.0,500.0,547.0,580.0,580.0,600.0,620.0,620.0
Dromana-Portsea,135.0,140.0,140.0,143.0,145.0,145.0,148.0,150.0,155.0,160.0,165.0,165.0,165.0,170.0,160.0,165.0,165.0,170.0,165.0,170.0,170.0,178.0,190.0,185.0,190.0,190.0,185.0,190.0,208.0,225.0,235.0,240.0,250.0,250.0,270.0,275.0,280.0,285.0,300.0,300.0,310.0,310.0,320.0,320.0,320.0,330.0,330.0,333.0,340.0,330.0,335.0,350.0,350.0,350.0,350.0,350.0,350.0,350.0,350.0,350.0,350.0,350.0,350.0,355.0,360.0,365.0,370.0,375.0,380.0,380.0,385.0,390.0,390.0,395.0,390.0,395.0,395.0,400.0,395.0,395.0,395.0,400.0,400.0,410.0,430.0,450.0,451.0,480.0,495.0,510.0,520.0,520.0,550.0,550.0,550.0,550.0,550.0,550.0,560.0,580.0,575.0
Frankston,155.0,160.0,165.0,165.0,170.0,170.0,175.0,170.0,175.0,175.0,180.0,185.0,186.0,186.0,188.0,185.0,185.0,185.0,190.0,195.0,195.0,195.0,195.0,200.0,200.0,201.0,205.0,210.0,211.0,215.0,220.0,225.0,230.0,233.0,240.0,250.0,260.0,265.0,270.0,280.0,280.0,286.0,298.0,300.0,300.0,310.0,310.0,310.0,320.0,320.0,310.0,315.0,310.0,314.0,320.0,320.0,320.0,320.0,320.0,325.0,330.0,330.0,340.0,340.0,350.0,350.0,350.0,350.0,350.0,360.0,360.0,360.0,360.0,380.0,380.0,380.0,385.0,375.0,375.0,375.0,380.0,390.0,400.0,410.0,410.0,420.0,420.0,420.0,435.0,450.0,450.0,450.0,470.0,480.0,498.0,510.0,525.0,535.0,550.0,550.0,550.0
Hastings-Flinders,132.0,135.0,145.0,150.0,150.0,150.0,150.0,150.0,160.0,165.0,175.0,175.0,175.0,175.0,175.0,178.0,185.0,193.0,190.0,195.0,200.0,200.0,200.0,200.0,198.0,200.0,210.0,210.0,220.0,230.0,230.0,238.0,240.0,250.0,250.0,260.0,270.0,280.0,285.0,290.0,290.0,290.0,290.0,295.0,300.0,300.0,300.0,300.0,310.0,315.0,310.0,318.0,310.0,310.0,310.0,310.0,320.0,320.0,330.0,330.0,330.0,325.0,330.0,330.0,330.0,340.0,340.0,345.0,355.0,365.0,370.0,370.0,370.0,370.0,380.0,380.0,380.0,380.0,380.0,385.0,385.0,385.0,390.0,400.0,400.0,420.0,420.0,420.0,450.0,460.0,460.0,470.0,478.0,490.0,493.0,495.0,513.0,520.0,530.0,535.0,535.0
Mt Eliza-Mornington-Mt Martha,165.0,175.0,185.0,195.0,200.0,200.0,200.0,208.0,210.0,220.0,220.0,230.0,230.0,230.0,235.0,233.0,230.0,230.0,230.0,233.0,240.0,240.0,240.0,250.0,250.0,260.0,260.0,260.0,265.0,280.0,280.0,290.0,300.0,300.0,310.0,320.0,320.0,320.0,330.0,335.0,343.0,350.0,350.0,360.0,370.0,370.0,370.0,370.0,370.0,380.0,380.0,380.0,380.0,380.0,380.0,380.0,385.0,385.0,385.0,385.0,385.0,388.0,395.0,400.0,400.0,400.0,410.0,425.0,440.0,440.0,445.0,450.0,440.0,445.0,450.0,450.0,460.0,460.0,468.0,460.0,460.0,460.0,470.0,480.0,498.0,515.0,520.0,530.0,550.0,558.0,560.0,570.0,580.0,580.0,600.0,600.0,600.0,600.0,622.0,630.0,635.0
Seaford-Carrum Downs,153.0,160.0,165.0,170.0,170.0,175.0,175.0,175.0,175.0,175.0,185.0,185.0,185.0,186.0,185.0,190.0,195.0,195.0,195.0,195.0,195.0,200.0,205.0,200.0,205.0,210.0,215.0,220.0,220.0,220.0,225.0,240.0,240.0,250.0,260.0,260.0,270.0,280.0,280.0,281.0,285.0,290.0,300.0,300.0,310.0,320.0,320.0,328.0,330.0,320.0,325.0,330.0,330.0,330.0,330.0,330.0,330.0,335.0,335.0,330.0,330.0,330.0,333.0,340.0,340.0,345.0,350.0,358.0,360.0,360.0,360.0,360.0,360.0,370.0,370.0,375.0,375.0,375.0,375.0,380.0,380.0,380.0,380.0,385.0,388.0,395.0,400.0,420.0,425.0,440.0,450.0,443.0,450.0,460.0,470.0,480.0,498.0,510.0,535.0,550.0,550.0
Belmont-Grovedale,178.0,180.0,180.0,185.0,192.0,193.0,200.0,210.0,215.0,220.0,200.0,190.0,200.0,210.0,220.0,220.0,230.0,230.0,230.0,230.0,230.0,230.0,230.0,230.0,240.0,245.0,255.0,260.0,260.0,260.0,260.0,275.0,275.0,280.0,283.0,280.0,295.0,300.0,295.0,310.0,300.0,295.0,305.0,305.0,320.0,335.0,340.0,340.0,340.0,340.0,350.0,350.0,350.0,350.0,350.0,350.0,350.0,350.0,340.0,348.0,340.0,340.0,343.0,345.0,345.0,342.0,345.0,350.0,360.0,365.0,370.0,378.0,373.0,370.0,378.0,375.0,380.0,385.0,390.0,390.0,400.0,400.0,400.0,400.0,410.0,418.0,420.0,420.0,430.0,440.0,450.0,460.0,460.0,450.0,470.0,470.0,480.0,490.0,498.0,490.0,480.0
Corio,,,,,,,,,,,,,,,,,,,,,,,,,,,,,,,,230.0,230.0,240.0,240.0,240.0,235.0,240.0,240.0,240.0,240.0,240.0,240.0,235.0,238.0,243.0,270.0,270.0,263.0,273.0,270.0,295.0,280.0,290.0,290.0,283.0,285.0,270.0,280.0,280.0,280.0,293.0,290.0,280.0,290.0,290.0,295.0,295.0,295.0,270.0,260.0,270.0,270.0,298.0,318.0,310.0,303.0,320.0,320.0,330.0,330.0,330.0,330.0,330.0,325.0,340.0,345.0,365.0,380.0,380.0,380.0,380.0,380.0,380.0,420.0,420.0,435.0,445.0,430.0,440.0,430.0
Geelong-Newcombe,180.0,175.0,170.0,170.0,160.0,160.0,160.0,165.0,173.0,183.0,200.0,210.0,200.0,200.0,190.0,180.0,180.0,200.0,260.0,300.0,300.0,300.0,230.0,230.0,230.0,230.0,260.0,260.0,300.0,260.0,253.0,325.0,255.0,278.0,265.0,280.0,295.0,300.0,300.0,300.0,300.0,340.0,365.0,390.0,400.0,400.0,390.0,370.0,350.0,360.0,355.0,360.0,360.0,350.0,350.0,360.0,360.0,350.0,340.0,330.0,338.0,340.0,343.0,343.0,340.0,340.0,350.0,350.0,370.0,370.0,363.0,360.0,350.0,355.0,350.0,360.0,370.0,380.0,390.0,388.0,380.0,380.0,386.0,400.0,395.0,400.0,400.0,390.0,415.0,440.0,455.0,465.0,470.0,470.0,485.0,485.0,488.0,493.0,505.0,500.0,510.0
Herne Hill-Geelong West,175.0,180.0,173.0,155.0,160.0,165.0,180.0,175.0,180.0,180.0,,,,,,228.0,,230.0,265.0,260.0,260.0,230.0,250.0,250.0,238.0,245.0,225.0,233.0,250.0,245.0,250.0,240.0,250.0,280.0,295.0,300.0,310.0,300.0,320.0,320.0,320.0,331.0,320.0,330.0,330.0,330.0,370.0,380.0,380.0,330.0,325.0,330.0,355.0,380.0,380.0,380.0,370.0,380.0,398.0,400.0,400.0,400.0,398.0,395.0,370.0,370.0,375.0,390.0,395.0,395.0,398.0,400.0,395.0,395.0,395.0,385.0,390.0,408.0,440.0,450.0,450.0,440.0,430.0,425.0,420.0,450.0,455.0,470.0,470.0,470.0,490.0,500.0,500.0,500.0,520.0,500.0,515.0,520.0,545.0,550.0,550.0
Lara,,,,,,165.0,170.0,175.0,180.0,185.0,185.0,188.0,190.0,190.0,190.0,190.0,200.0,200.0,200.0,,,210.0,210.0,210.0,210.0,215.0,215.0,215.0,215.0,218.0,,,230.0,,265.0,280.0,293.0,285.0,300.0,295.0,290.0,295.0,303.0,310.0,310.0,310.0,315.0,320.0,325.0,325.0,325.0,323.0,320.0,320.0,325.0,325.0,325.0,330.0,320.0,320.0,320.0,320.0,323.0,325.0,330.0,330.0,330.0,340.0,340.0,340.0,340.0,345.0,345.0,345.0,348.0,353.0,355.0,360.0,360.0,360.0,363.0,370.0,370.0,360.0,370.0,370.0,380.0,395.0,400.0,405.0,410.0,413.0,420.0,430.0,430.0,440.0,440.0,445.0,440.0,450.0,465.0
Newtown,183.0,200.0,200.0,200.0,,,,,,,,,,,,,,,,,,,280.0,270.0,280.0,288.0,313.0,325.0,325.0,325.0,338.0,400.0,375.0,350.0,348.0,320.0,325.0,420.0,420.0,410.0,425.0,425.0,403.0,425.0,420.0,433.0,423.0,400.0,440.0,400.0,415.0,420.0,380.0,335.0,335.0,375.0,395.0,443.0,443.0,410.0,400.0,400.0,398.0,410.0,425.0,433.0,440.0,400.0,425.0,400.0,395.0,400.0,400.0,435.0,450.0,450.0,470.0,485.0,485.0,485.0,470.0,450.0,450.0,445.0,450.0,455.0,468.0,488.0,500.0,500.0,490.0,495.0,590.0,600.0,593.0,585.0,598.0,580.0,575.0,560.0,560.0
North Geelong,,,,,,160.0,165.0,165.0,165.0,165.0,165.0,178.0,,,,,205.0,200.0,200.0,200.0,190.0,200.0,190.0,200.0,183.0,220.0,220.0,220.0,220.0,220.0,213.0,218.0,220.0,220.0,260.0,265.0,265.0,270.0,270.0,270.0,275.0,280.0,290.0,290.0,300.0,300.0,300.0,305.0,320.0,340.0,340.0,330.0,330.0,330.0,330.0,340.0,340.0,345.0,348.0,330.0,327.0,323.0,316.0,324.0,326.0,330.0,340.0,343.0,350.0,360.0,370.0,363.0,365.0,370.0,370.0,380.0,380.0,380.0,390.0,390.0,390.0,390.0,395.0,390.0,400.0,410.0,420.0,420.0,430.0,430.0,440.0,440.0,450.0,450.0,450.0,480.0,480.0,480.0,500.0,500.0,500.0
Ballarat,160.0,160.0,153.0,160.0,160.0,160.0,163.0,160.0,173.0,175.0,173.0,180.0,175.0,175.0,175.0,175.0,183.0,180.0,183.0,205.0,205.0,230.0,230.0,220.0,220.0,220.0,225.0,225.0,230.0,230.0,225.0,230.0,230.0,238.0,235.0,250.0,250.0,250.0,250.0,240.0,250.0,250.0,255.0,260.0,270.0,270.0,270.0,270.0,270.0,270.0,280.0,280.0,283.0,290.0,290.0,290.0,290.0,288.0,280.0,280.0,283.0,280.0,280.0,275.0,274.0,275.0,275.0,285.0,280.0,290.0,295.0,300.0,300.0,303.0,308.0,300.0,310.0,310.0,310.0,320.0,320.0,320.0,330.0,330.0,330.0,338.0,350.0,350.0,350.0,360.0,360.0,360.0,360.0,368.0,380.0,380.0,390.0,398.0,400.0,400.0,400.0
Mount Clear-Buninyong,178.0,180.0,180.0,180.0,190.0,190.0,190.0,190.0,187.0,189.0,200.0,200.0,200.0,210.0,200.0,205.0,220.0,210.0,207.0,210.0,195.0,200.0,210.0,210.0,223.0,220.0,220.0,233.0,230.0,240.0,240.0,240.0,250.0,250.0,250.0,243.0,240.0,223.0,230.0,230.0,230.0,238.0,255.0,260.0,265.0,270.0,270.0,270.0,270.0,260.0,290.0,285.0,285.0,288.0,290.0,290.0,300.0,290.0,285.0,295.0,280.0,280.0,285.0,285.0,295.0,300.0,285.0,280.0,283.0,280.0,280.0,285.0,290.0,295.0,300.0,300.0,300.0,300.0,308.0,320.0,320.0,328.0,325.0,325.0,333.0,330.0,330.0,335.0,335.0,335.0,350.0,355.0,360.0,368.0,370.0,375.0,370.0,370.0,370.0,370.0,380.0
Sebastopol-Delacombe,143.0,140.0,143.0,130.0,140.0,150.0,150.0,150.0,150.0,,150.0,160.0,160.0,160.0,160.0,165.0,170.0,175.0,175.0,175.0,175.0,175.0,183.0,178.0,200.0,200.0,200.0,200.0,193.0,190.0,195.0,200.0,210.0,220.0,230.0,230.0,230.0,230.0,230.0,230.0,230.0,230.0,240.0,240.0,250.0,250.0,250.0,255.0,260.0,265.0,268.0,270.0,275.0,275.0,275.0,270.0,280.0,280.0,271.0,270.0,260.0,260.0,265.0,270.0,270.0,265.0,260.0,260.0,263.0,265.0,268.0,270.0,270.0,275.0,285.0,290.0,290.0,290.0,285.0,285.0,288.0,300.0,300.0,300.0,300.0,300.0,305.0,330.0,330.0,330.0,330.0,330.0,340.0,350.0,355.0,360.0,355.0,365.0,370.0,380.0,388.0
Wendouree-Alfredton,,145.0,150.0,148.0,,153.0,,,,,,,,,195.0,195.0,220.0,225.0,220.0,220.0,220.0,220.0,,,,,,220.0,220.0,220.0,230.0,230.0,230.0,240.0,255.0,265.0,270.0,260.0,280.0,260.0,260.0,260.0,260.0,270.0,270.0,300.0,300.0,300.0,300.0,300.0,300.0,300.0,293.0,295.0,295.0,293.0,298.0,300.0,295.0,300.0,300.0,300.0,300.0,300.0,300.0,300.0,315.0,310.0,310.0,310.0,310.0,310.0,310.0,310.0,310.0,310.0,320.0,320.0,320.0,330.0,330.0,330.0,330.0,340.0,340.0,350.0,350.0,350.0,360.0,370.0,380.0,380.0,385.0,390.0,390.0,395.0,390.0,395.0,400.0,400.0,400.0
Bendigo,148.0,150.0,150.0,153.0,155.0,160.0,160.0,168.0,160.0,175.0,180.0,195.0,208.0,210.0,215.0,215.0,220.0,225.0,230.0,230.0,230.0,230.0,230.0,235.0,240.0,235.0,245.0,245.0,240.0,250.0,245.0,238.0,255.0,250.0,250.0,250.0,250.0,250.0,265.0,265.0,280.0,280.0,285.0,280.0,290.0,290.0,,280.0,273.0,285.0,290.0,300.0,310.0,,335.0,325.0,310.0,325.0,325.0,340.0,375.0,360.0,360.0,360.0,380.0,410.0,365.0,365.0,340.0,350.0,360.0,365.0,380.0,380.0,395.0,398.0,400.0,400.0,385.0,383.0,383.0,388.0,410.0,415.0,410.0,410.0,410.0,415.0,430.0,435.0,430.0,430.0,438.0,435.0,465.0,460.0,480.0,500.0,480.0,485.0,475.0
Flora Hill-Bendigo East,163.0,165.0,165.0,165.0,170.0,170.0,170.0,170.0,175.0,185.0,185.0,188.0,190.0,190.0,200.0,210.0,220.0,220.0,210.0,210.0,208.0,200.0,215.0,215.0,215.0,215.0,215.0,215.0,220.0,220.0,230.0,230.0,230.0,233.0,238.0,250.0,255.0,263.0,250.0,250.0,250.0,250.0,260.0,260.0,280.0,280.0,290.0,295.0,290.0,295.0,300.0,300.0,300.0,300.0,290.0,290.0,288.0,288.0,288.0,285.0,290.0,300.0,290.0,300.0,283.0,280.0,290.0,290.0,290.0,293.0,295.0,300.0,300.0,310.0,310.0,310.0,313.0,310.0,318.0,320.0,330.0,330.0,340.0,340.0,348.0,350.0,350.0,370.0,375.0,380.0,380.0,380.0,393.0,398.0,410.0,420.0,430.0,430.0,445.0,450.0,440.0
Golden Square-Kangaroo Flat,153.0,150.0,153.0,155.0,150.0,158.0,158.0,155.0,155.0,155.0,155.0,163.0,170.0,168.0,170.0,180.0,180.0,200.0,200.0,210.0,193.0,190.0,185.0,190.0,195.0,195.0,195.0,195.0,200.0,210.0,210.0,220.0,225.0,223.0,223.0,225.0,220.0,225.0,235.0,225.0,240.0,240.0,255.0,255.0,260.0,253.0,260.0,260.0,260.0,265.0,280.0,288.0,300.0,300.0,300.0,300.0,300.0,290.0,288.0,280.0,280.0,283.0,290.0,285.0,285.0,290.0,300.0,300.0,310.0,300.0,300.0,300.0,300.0,300.0,310.0,310.0,320.0,320.0,320.0,320.0,320.0,330.0,330.0,337.0,340.0,340.0,355.0,360.0,370.0,380.0,380.0,400.0,400.0,418.0,415.0,420.0,420.0,423.0,430.0,450.0,455.0
North Bendigo,,,,150.0,153.0,150.0,150.0,160.0,,,,168.0,170.0,170.0,170.0,170.0,173.0,180.0,180.0,180.0,180.0,180.0,180.0,183.0,183.0,190.0,195.0,200.0,200.0,200.0,200.0,200.0,200.0,203.0,220.0,230.0,230.0,215.0,230.0,235.0,240.0,240.0,240.0,230.0,230.0,253.0,265.0,273.0,275.0,280.0,290.0,290.0,300.0,300.0,280.0,280.0,280.0,280.0,280.0,280.0,280.0,275.0,270.0,273.0,270.0,280.0,280.0,280.0,290.0,283.0,290.0,285.0,290.0,290.0,290.0,300.0,300.0,300.0,300.0,300.0,300.0,300.0,300.0,310.0,320.0,320.0,330.0,330.0,350.0,380.0,390.0,395.0,420.0,420.0,425.0,430.0,420.0,430.0,430.0,430.0,430.0
Bairnsdale,,,135.0,135.0,145.0,,,,,,,,,,160.0,163.0,,,,,180.0,183.0,185.0,183.0,180.0,165.0,190.0,220.0,215.0,218.0,,,,,200.0,220.0,233.0,225.0,258.0,258.0,240.0,230.0,250.0,250.0,260.0,270.0,240.0,234.0,232.0,232.0,240.0,265.0,280.0,280.0,280.0,280.0,270.0,280.0,275.0,288.0,274.0,270.0,277.0,300.0,300.0,280.0,295.0,270.0,280.0,295.0,280.0,275.0,280.0,273.0,280.0,305.0,300.0,300.0,300.0,295.0,300.0,300.0,300.0,310.0,320.0,340.0,323.0,323.0,380.0,370.0,388.0,390.0,390.0,390.0,390.0,390.0,390.0,400.0,420.0,430.0,448.0
Benalla,,,,160.0,160.0,,,,,170.0,165.0,165.0,165.0,165.0,163.0,168.0,168.0,170.0,170.0,,,,195.0,,195.0,195.0,,,,200.0,215.0,210.0,200.0,200.0,200.0,205.0,205.0,220.0,220.0,220.0,220.0,223.0,228.0,220.0,230.0,250.0,,,,250.0,250.0,250.0,250.0,235.0,270.0,245.0,270.0,280.0,255.0,275.0,248.0,248.0,250.0,250.0,263.0,278.0,280.0,280.0,270.0,230.0,210.0,230.0,220.0,270.0,270.0,,,303.0,303.0,305.0,290.0,,320.0,338.0,350.0,350.0,350.0,370.0,380.0,380.0,,380.0,375.0,380.0,400.0,380.0,390.0,400.0,400.0,405.0,
Castlemaine,,,,,,,,,,,,,,,,,,,,,,,,,,,,,,,,,,,,,,,,,,,,,,,,,,,,,,,,,,,295.0,300.0,,,,,,,,,,,,,,,,,,,,,,,,,,,,,,,,,,,,,,,,,
Echuca,170.0,170.0,170.0,170.0,175.0,173.0,175.0,175.0,175.0,180.0,180.0,185.0,190.0,188.0,190.0,185.0,190.0,185.0,190.0,190.0,195.0,193.0,190.0,212.0,240.0,220.0,228.0,220.0,220.0,228.0,220.0,223.0,223.0,230.0,230.0,233.0,240.0,240.0,245.0,245.0,245.0,245.0,240.0,240.0,240.0,240.0,253.0,255.0,270.0,265.0,255.0,255.0,260.0,255.0,260.0,260.0,260.0,264.0,265.0,268.0,280.0,280.0,293.0,300.0,295.0,290.0,285.0,283.0,280.0,285.0,288.0,320.0,330.0,320.0,325.0,320.0,320.0,320.0,340.0,353.0,350.0,350.0,340.0,340.0,385.0,385.0,390.0,400.0,400.0,400.0,390.0,405.0,380.0,425.0,450.0,450.0,460.0,460.0,480.0,480.0,480.0
Hamilton,,,,,,,,,,,,,,,,,,,,,,,,,,,,,,,,,,,225.0,,,,,,260.0,260.0,260.0,260.0,265.0,,,,,,,,,,273.0,,,,,,,,,,,,,,,,,,,,,,,,,,,,,,,,,,,,,,,,,,,,,,
Horsham,120.0,120.0,120.0,120.0,125.0,140.0,145.0,130.0,135.0,135.0,135.0,148.0,,170.0,200.0,170.0,150.0,145.0,150.0,200.0,190.0,183.0,200.0,185.0,193.0,200.0,200.0,210.0,220.0,220.0,228.0,203.0,200.0,200.0,205.0,220.0,220.0,230.0,230.0,220.0,220.0,210.0,220.0,223.0,230.0,225.0,230.0,225.0,228.0,250.0,255.0,260.0,260.0,270.0,288.0,300.0,300.0,300.0,300.0,300.0,300.0,300.0,295.0,300.0,300.0,298.0,290.0,290.0,295.0,295.0,300.0,293.0,290.0,290.0,290.0,310.0,330.0,310.0,310.0,320.0,315.0,310.0,320.0,320.0,315.0,335.0,350.0,358.0,360.0,365.0,360.0,360.0,360.0,360.0,365.0,370.0,390.0,400.0,400.0,400.0,400.0
Mildura,160.0,165.0,155.0,160.0,155.0,155.0,163.0,170.0,178.0,170.0,173.0,175.0,175.0,178.0,180.0,180.0,175.0,180.0,180.0,180.0,190.0,188.0,190.0,190.0,190.0,190.0,190.0,195.0,200.0,200.0,210.0,205.0,200.0,200.0,200.0,200.0,200.0,200.0,205.0,215.0,218.0,220.0,215.0,215.0,220.0,220.0,230.0,230.0,235.0,233.0,230.0,230.0,238.0,250.0,250.0,260.0,270.0,270.0,270.0,270.0,270.0,268.0,270.0,268.0,260.0,260.0,260.0,265.0,273.0,280.0,273.0,280.0,280.0,290.0,293.0,300.0,305.0,315.0,310.0,310.0,320.0,320.0,330.0,323.0,330.0,330.0,330.0,330.0,335.0,340.0,340.0,360.0,370.0,390.0,400.0,395.0,400.0,410.0,420.0,435.0,450.0
Moe-Newborough,,,,,,,,,,,,,,,,,,,,,,,,,,,,,,,,,,,,,,,,,,,,170.0,170.0,178.0,,,,195.0,190.0,200.0,200.0,260.0,280.0,260.0,,200.0,200.0,195.0,243.0,255.0,253.0,253.0,255.0,260.0,275.0,265.0,,,240.0,210.0,240.0,240.0,255.0,,270.0,,,,,315.0,300.0,300.0,,,,335.0,,335.0,,,,,,,,,,,
Morwell,,,,,,,,,,110.0,113.0,115.0,125.0,,,,,120.0,135.0,138.0,135.0,,130.0,125.0,125.0,125.0,,145.0,140.0,150.0,150.0,150.0,163.0,,,,,168.0,168.0,175.0,175.0,178.0,200.0,200.0,,,,,,200.0,200.0,200.0,,,,,220.0,220.0,230.0,215.0,215.0,205.0,203.0,215.0,210.0,210.0,,,210.0,,210.0,210.0,230.0,220.0,220.0,235.0,215.0,250.0,235.0,240.0,235.0,230.0,240.0,,,,,,,,300.0,,,,,335.0,330.0,,,,
Ocean Grove-Barwon Heads,135.0,145.0,150.0,150.0,158.0,164.0,165.0,165.0,170.0,170.0,173.0,170.0,170.0,173.0,175.0,180.0,175.0,188.0,188.0,195.0,200.0,208.0,210.0,200.0,200.0,206.0,210.0,240.0,240.0,245.0,278.0,270.0,270.0,260.0,248.0,260.0,290.0,310.0,315.0,313.0,310.0,300.0,300.0,300.0,325.0,340.0,350.0,350.0,340.0,338.0,330.0,330.0,340.0,353.0,360.0,371.0,380.0,370.0,360.0,330.0,330.0,355.0,350.0,365.0,373.0,375.0,395.0,395.0,380.0,370.0,370.0,370.0,360.0,400.0,395.0,400.0,410.0,410.0,415.0,415.0,410.0,400.0,400.0,415.0,450.0,468.0,480.0,480.0,480.0,500.0,520.0,550.0,550.0,530.0,540.0,535.0,530.0,550.0,600.0,573.0,570.0
Portland,110.0,135.0,130.0,125.0,125.0,120.0,120.0,,120.0,,,,,,,,,,,,,,,,,,,250.0,250.0,215.0,240.0,200.0,180.0,210.0,245.0,255.0,230.0,240.0,198.0,180.0,240.0,225.0,240.0,240.0,248.0,250.0,250.0,250.0,235.0,245.0,235.0,235.0,230.0,230.0,225.0,218.0,,250.0,250.0,250.0,248.0,240.0,240.0,240.0,245.0,250.0,250.0,250.0,250.0,250.0,260.0,,,290.0,270.0,290.0,,,,,300.0,300.0,295.0,,,,,,,,,420.0,470.0,420.0,455.0,450.0,420.0,420.0,415.0,420.0,420.0
Sale-Maffra,130.0,130.0,130.0,130.0,130.0,130.0,133.0,140.0,140.0,140.0,148.0,140.0,150.0,150.0,148.0,150.0,150.0,150.0,165.0,180.0,200.0,190.0,215.0,228.0,200.0,200.0,200.0,210.0,248.0,240.0,240.0,243.0,245.0,250.0,250.0,250.0,250.0,260.0,280.0,248.0,260.0,260.0,255.0,290.0,260.0,260.0,280.0,280.0,285.0,280.0,273.0,270.0,270.0,280.0,293.0,290.0,290.0,280.0,270.0,280.0,320.0,328.0,330.0,330.0,323.0,330.0,305.0,300.0,300.0,300.0,300.0,300.0,300.0,300.0,300.0,300.0,293.0,310.0,320.0,320.0,330.0,333.0,345.0,340.0,350.0,350.0,350.0,380.0,390.0,390.0,410.0,410.0,420.0,430.0,430.0,440.0,445.0,450.0,445.0,445.0,460.0
Seymour,,,,,,,,,,,,,,,,,,,,,,,,,,,,,,,,,,,,,,,,,,,,,,,,,,,,,,,,,,,,,,,,,,,,,,,,,,,,,,,,,,,,,,,,,,,,,,,,,,,,,
Shepparton,165.0,170.0,170.0,170.0,180.0,180.0,180.0,190.0,195.0,185.0,200.0,190.0,193.0,200.0,200.0,200.0,200.0,200.0,220.0,223.0,225.0,225.0,220.0,220.0,220.0,220.0,230.0,230.0,245.0,240.0,235.0,240.0,230.0,233.0,250.0,243.0,240.0,240.0,245.0,250.0,250.0,250.0,250.0,270.0,260.0,270.0,265.0,268.0,270.0,270.0,270.0,270.0,275.0,283.0,285.0,280.0,290.0,290.0,290.0,290.0,290.0,300.0,300.0,300.0,310.0,310.0,310.0,310.0,305.0,305.0,300.0,300.0,300.0,300.0,310.0,315.0,318.0,320.0,320.0,320.0,320.0,328.0,328.0,320.0,330.0,335.0,350.0,350.0,360.0,360.0,375.0,385.0,400.0,420.0,420.0,423.0,440.0,430.0,450.0,470.0,480.0
Swan Hill,,,,,,,,,,,,,,,,,,,,,,,,,,,,,,230.0,240.0,250.0,240.0,265.0,263.0,260.0,260.0,240.0,250.0,245.0,235.0,245.0,235.0,245.0,270.0,260.0,270.0,268.0,270.0,270.0,275.0,280.0,265.0,275.0,280.0,280.0,293.0,300.0,300.0,300.0,300.0,280.0,270.0,275.0,280.0,280.0,290.0,285.0,290.0,290.0,280.0,290.0,295.0,290.0,300.0,325.0,330.0,300.0,300.0,300.0,300.0,340.0,330.0,320.0,330.0,353.0,365.0,370.0,350.0,350.0,350.0,350.0,390.0,390.0,390.0,440.0,445.0,440.0,440.0,,445.0
Torquay,150.0,150.0,160.0,160.0,160.0,165.0,170.0,190.0,190.0,210.0,220.0,220.0,240.0,230.0,230.0,210.0,210.0,215.0,220.0,250.0,250.0,260.0,275.0,283.0,295.0,300.0,300.0,300.0,300.0,300.0,320.0,320.0,330.0,333.0,338.0,330.0,335.0,340.0,317.0,320.0,320.0,335.0,350.0,350.0,365.0,365.0,365.0,370.0,365.0,375.0,375.0,368.0,370.0,360.0,380.0,370.0,370.0,370.0,373.0,390.0,395.0,390.0,400.0,400.0,399.0,405.0,420.0,420.0,430.0,420.0,400.0,420.0,420.0,450.0,450.0,460.0,480.0,460.0,475.0,480.0,480.0,480.0,490.0,480.0,480.0,515.0,520.0,550.0,550.0,578.0,560.0,560.0,550.0,550.0,590.0,590.0,600.0,600.0,620.0,630.0,620.0
Traralgon,150.0,130.0,130.0,130.0,130.0,130.0,130.0,160.0,150.0,160.0,170.0,170.0,185.0,173.0,170.0,175.0,175.0,170.0,175.0,160.0,170.0,180.0,183.0,200.0,200.0,200.0,193.0,190.0,190.0,190.0,195.0,200.0,210.0,210.0,213.0,220.0,230.0,235.0,240.0,265.0,275.0,278.0,275.0,270.0,255.0,255.0,260.0,265.0,265.0,265.0,265.0,255.0,278.0,260.0,255.0,260.0,255.0,271.0,290.0,285.0,298.0,285.0,285.0,288.0,270.0,265.0,270.0,270.0,275.0,280.0,280.0,280.0,285.0,300.0,300.0,310.0,300.0,293.0,300.0,290.0,310.0,320.0,320.0,330.0,335.0,350.0,360.0,365.0,370.0,383.0,380.0,390.0,395.0,395.0,390.0,410.0,415.0,430.0,435.0,450.0,450.0
Wanagaratta,,,,,,,,,,,145.0,145.0,,145.0,,160.0,160.0,165.0,170.0,168.0,170.0,170.0,185.0,188.0,183.0,185.0,200.0,210.0,230.0,233.0,230.0,,220.0,220.0,230.0,260.0,265.0,270.0,270.0,250.0,245.0,255.0,250.0,260.0,260.0,250.0,250.0,240.0,250.0,260.0,228.0,245.0,245.0,260.0,265.0,278.0,280.0,290.0,293.0,290.0,280.0,265.0,265.0,270.0,275.0,273.0,270.0,270.0,270.0,270.0,280.0,280.0,280.0,260.0,300.0,300.0,298.0,305.0,295.0,315.0,305.0,300.0,303.0,320.0,350.0,350.0,360.0,360.0,390.0,365.0,385.0,390.0,410.0,420.0,420.0,400.0,380.0,400.0,400.0,465.0,450.0
Warragul,125.0,125.0,125.0,125.0,125.0,,,,145.0,145.0,153.0,153.0,160.0,135.0,158.0,148.0,148.0,,150.0,,185.0,205.0,,,,,,,,185.0,188.0,193.0,200.0,200.0,200.0,200.0,185.0,200.0,200.0,193.0,210.0,220.0,220.0,220.0,230.0,230.0,235.0,230.0,245.0,240.0,240.0,245.0,240.0,245.0,250.0,240.0,250.0,250.0,250.0,250.0,250.0,250.0,270.0,275.0,285.0,285.0,283.0,300.0,310.0,310.0,310.0,310.0,310.0,315.0,320.0,320.0,320.0,320.0,330.0,330.0,330.0,325.0,320.0,320.0,330.0,335.0,330.0,340.0,350.0,360.0,365.0,370.0,370.0,375.0,393.0,399.0,397.0,399.0,420.0,425.0,440.0
Warrnambool,150.0,150.0,150.0,160.0,160.0,160.0,165.0,168.0,170.0,175.0,170.0,180.0,180.0,190.0,195.0,200.0,200.0,200.0,220.0,213.0,215.0,215.0,210.0,220.0,230.0,220.0,228.0,230.0,230.0,240.0,240.0,250.0,240.0,240.0,250.0,250.0,263.0,268.0,268.0,280.0,280.0,280.0,290.0,290.0,290.0,300.0,300.0,300.0,327.0,300.0,310.0,313.0,300.0,300.0,300.0,300.0,300.0,300.0,300.0,300.0,305.0,310.0,300.0,300.0,300.0,300.0,295.0,300.0,300.0,300.0,315.0,310.0,320.0,320.0,320.0,340.0,340.0,350.0,350.0,350.0,360.0,350.0,360.0,360.0,355.0,370.0,370.0,400.0,400.0,430.0,450.0,450.0,460.0,450.0,460.0,478.0,505.0,510.0,510.0,500.0,490.0
Wodonga,150.0,150.0,150.0,150.0,150.0,153.0,155.0,155.0,160.0,160.0,160.0,165.0,165.0,170.0,170.0,175.0,180.0,175.0,190.0,190.0,185.0,190.0,190.0,190.0,203.0,228.0,230.0,230.0,228.0,220.0,225.0,220.0,225.0,228.0,230.0,243.0,235.0,240.0,240.0,245.0,250.0,250.0,250.0,248.0,250.0,260.0,260.0,268.0,265.0,265.0,265.0,260.0,263.0,260.0,270.0,273.0,270.0,283.0,280.0,280.0,290.0,290.0,290.0,290.0,290.0,290.0,290.0,290.0,290.0,285.0,290.0,290.0,295.0,295.0,290.0,300.0,295.0,293.0,290.0,300.0,300.0,300.0,305.0,325.0,340.0,340.0,350.0,350.0,350.0,363.0,365.0,380.0,400.0,400.0,400.0,400.0,400.0,420.0,435.0,450.0,450.0
