,Suburb,apartment_price,Num_sales_units,unit_1bed_Rent_today,unit_1bed_unit_avg,unit_1bed_2025_avg,unit_1bed_2026_avg,unit_1bed_2027_avg,unit_1bed_2028_avg,unit_1bed_2029_avg,unit_1bed_2030_avg,unit_1bed_avg_future_rent,unit_1bed_Price_change (%),unit_2bed_Rent_today,unit_2bed_unit_avg,unit_2bed_2025_avg,unit_2bed_2026_avg,unit_2bed_2027_avg,unit_2bed_2028_avg,unit_2bed_2029_avg,unit_2bed_2030_avg,unit_2bed_avg_future_rent,unit_2bed_Price_change (%),unit_3bed_Rent_today,unit_3bed_unit_avg,unit_3bed_2025_avg,unit_3bed_2026_avg,unit_3bed_2027_avg,unit_3bed_2028_avg,unit_3bed_2029_avg,unit_3bed_2030_avg,unit_3bed_avg_future_rent,unit_3bed_Price_change (%),apartment_ALL_avg_price_change(%),apartment_ALL_future_rent,apartment_Annual ROI (%),apartment_5yr ROI (%)
362,SOUTH YARRA,575000,191,500.1036390151452,500.1036390151452,504.9355057365651,508.4288588913088,517.0111442778248,530.7213192824354,545.3812724991081,553.7026993152625,522.8977770025214,4.3591958103249455,707.3379361523314,707.3379361523314,717.4625856560274,733.6729336871272,752.5916052270745,770.7107739188909,788.6866182333893,799.90670608858,752.9098798519173,6.052775361182533,1068.247789572707,1068.247789572707,1108.6215720789528,1108.6716240049154,1154.5526739986194,1182.333774625099,1214.6290874470524,1232.219718742234,1152.7537486385115,7.330790219993852,5.91425379716711,809.5204684976501,0.14078616843437392,0.7039308421718695
129,DOCKLANDS,635000,117,592.1143208201815,592.1143208201815,603.8229518325843,615.135209780551,620.3429313847337,621.6858458663128,622.0321430461364,622.1044071410896,613.8911156959413,3.547338333944176,762.706321137941,762.706321137941,780.3177571390416,802.6021802021567,814.6764385155374,827.5645850160677,847.4946538095513,860.362408255314,813.6749062965157,6.26399865156969,1190.106469392229,1190.106469392229,1194.8678427779398,1194.7436700702306,1195.6297211818612,1221.301754062093,1254.0694512792704,1273.1046700619668,1217.6890826893703,2.265160597171712,4.025499194228526,881.751701560609,0.13885853567883608,0.6942926783941804
248,MALVERN EAST,486000,61,475.0501190589297,475.0501190589297,482.27450956271764,492.35179204056936,505.7881686777051,519.2245453148407,532.6609219519764,541.0586573501863,506.9155305652751,6.286138337646008,602.3864647770854,602.3864647770854,613.0936632365338,624.5440629205034,638.4590849949186,652.0983747276011,668.7540899421729,678.5697152896851,639.7007794126429,5.833088818465805,792.385896183801,792.385896183801,800.234313769811,815.69709415423,836.6661305450593,857.6351669358887,878.6042033267181,891.7098510709865,838.9903794266422,5.554829278816073,5.891352144975962,661.8688964681868,0.1361870157341948,0.680935078670974
371,ST KILDA,535000,159,458.0060452549102,458.0060452549102,455.7217772943885,448.3120819980214,446.0893787011283,460.8017358550323,478.9869183927567,487.3435171932421,462.1802078127827,0.9031461077977143,620.5549080798374,620.5549080798374,630.8421541689854,647.4913428773198,665.89623389737,682.4313448466559,698.3202460928742,708.1289296680895,664.8093085187331,6.656705896236511,949.2119689629212,949.2119689629212,951.7450754307148,969.6369048230192,996.8998998924918,1022.7732857252727,1049.0201858341231,1066.70540722663,1000.8561039850247,5.159996009064274,4.2399493376995,709.2818734388469,0.13257605111006485,0.6628802555503243
120,DANDENONG,400000,118,365.4933820890138,365.4933820890138,370.6219062269306,378.5558504244066,389.13444268770786,399.71303495100915,410.29162721431044,416.90324737887374,390.1019272817503,6.308234712965942,450.5524036124409,450.5524036124409,465.0889741896739,490.46474039932434,518.9550464568947,542.951911091175,563.9759440678391,576.1272777724994,515.4451853699782,12.589657173916228,603.4886388501214,603.4886388501214,612.1659294914368,635.4142447077388,660.5798651373027,681.8701055096449,701.3494613442156,712.9338748468879,658.2574456981927,8.320271529930011,9.072721138937395,521.2681861166403,0.13031704652916007,0.6515852326458004
418,WEST FOOTSCRAY,387800,34,350.9737977983177,350.9737977983177,348.76754409991844,350.12787682920407,360.7989080462141,371.15552006088103,380.458220822206,386.4439105558338,364.1036826017965,3.6060840444281714,479.1220169625961,479.1220169625961,482.40237099529907,490.28097872612693,503.80078689794925,517.7875368684697,531.8080275381559,540.5723027041284,506.5391458132464,5.412637715616677,602.4747214223594,602.4747214223594,607.5620773313742,618.570753769389,633.4127891556577,648.2631178936967,663.1135491348925,672.3950694468481,635.1131540220312,5.138994900826694,4.719238886957181,501.91866081235804,0.12942719463959723,0.6471359731979862
161,FOOTSCRAY,460000,101,439.2893303400182,439.2893303400182,440.46390212613426,442.20097285849397,445.78997025296144,452.45518368544685,461.3389773864739,467.7270277637373,449.89505205903794,2.357376830547585,571.5134684027685,571.5134684027685,558.2822491907611,539.2205056875495,557.1469015344694,595.3160362067601,610.6452645304836,612.937844815225,577.8660386240024,1.0993153770310626,702.2792455891946,702.2792455891946,706.2160743783395,715.8232984618928,735.2951406609951,754.7669828600976,774.2388250591999,786.408726433639,739.2897562061943,5.006225273149481,2.820972493576043,589.0169489630781,0.12804716281806044,0.6402358140903022
384,SWAN HILL,299000,8,222.412654364818,222.412654364818,227.67908092465478,238.86227253387102,254.30729981611984,270.30128446929086,286.84422649338427,297.4408890260625,256.8353868040287,13.402643953216634,355.3785034353335,355.3785034353335,363.44625858833365,379.5817688943339,401.09578263566755,422.6097963770012,444.12381011833486,457.5700687066684,403.4008555365247,11.904375373056975,449.0731512187873,449.0731512187873,451.564054222976,456.9176372996461,468.6092230243479,480.30080874904957,491.99239447375135,,466.40954483142633,3.716989458031974,9.67466959476853,375.54859572399323,0.12560153703143587,0.6280076851571793
360,SOUTH MELBOURNE,592500,70,531.4559258420654,531.4559258420654,531.4508351760503,537.4157124695316,556.5301343134424,574.9359523299344,588.1102549518445,595.3184798292457,559.3167564160165,4.981225799934432,675.4478155237236,675.4478155237236,666.3895369818425,650.5066250597163,645.4152002044066,657.7857635172811,676.1278319147098,686.9828915037782,665.5222378150654,-1.491396852679827,966.8779711746776,966.8779711746776,971.1676165940104,971.3758998714759,971.4192629923904,971.422843414801,971.4231390444597,971.4231612071068,970.7299848998462,0.39681618834160465,1.2955483785320698,731.856326376976,0.12352005508472169,0.6176002754236085
363,SOUTHBANK,595000,237,545.1959116692314,545.1959116692314,535.7917834809055,519.3872304934473,513.7078701792288,521.4767598783644,527.0193888876595,526.9066824371785,527.0693752894307,-3.4391177385039287,720.271822810337,720.271822810337,714.0688285199328,692.4994998420427,669.2845029695673,662.9911385804606,666.6353110591741,669.6999021118826,685.0644294133425,-5.139282071197952,983.5602005734618,983.5602005734618,966.0252122516551,963.6902312121505,963.2867500409375,963.1351401401522,963.0699528647258,963.0489888759016,966.5452108512834,-1.76039253323623,-3.446264114312704,726.2263385180189,0.12205484680975108,0.6102742340487554
62,BRUNSWICK,560000,115,465.20359245656266,465.20359245656266,469.57988069573537,479.72507227530303,493.126373067732,506.49463433945994,519.8562735537831,528.206396233809,494.59888894605496,5.943259709323446,597.1260869397593,597.1260869397593,607.5826934529294,625.7156069392519,646.7707371625927,665.9853641488036,684.3859535991919,695.6941362096842,646.1800826360304,7.59138156907592,822.4461366766478,822.4461366766478,836.8330833595576,856.8521689382553,872.5191411493979,901.8869825762422,917.7496974903353,944.337655353968,878.9464093634863,6.428181750893631,6.654274343097666,673.2417936485239,0.12022174886580785,0.6011087443290393
265,MILDURA,357500,42,275.1108269121128,275.1108269121128,277.4720512149089,282.6821394948229,290.6564642244711,298.3706971032227,306.07027715002147,310.88145915630923,291.6062736079813,5.656753022414045,350.4991459409184,350.4991459409184,365.5854936837869,396.457860077578,438.95372176083094,483.04883123392153,528.7431884968498,558.0518091876664,445.9057214830788,21.396131725970886,456.84473680474525,456.84473680474525,467.91791948170464,490.7002261802213,524.8688410982107,560.2457153193002,596.8308488434897,620.2629288444363,531.0958880817296,13.980743015196905,13.677875921193944,422.86929439092984,0.11828511731214822,0.5914255865607411
13,ARMADALE,630000,38,454.4741390159516,454.4741390159516,458.9735593511916,467.9724000216716,479.97085424897824,491.9693084762848,503.9677627035915,511.4667965956581,481.25640291618964,5.565071703555525,639.733557793293,639.733557793293,649.1166367852256,665.6368966636774,684.8103897812533,702.9248456228254,720.7791512343267,731.9019490427578,684.9862038461943,6.606358755666589,904.2477416856696,904.2477416856696,937.8143348724875,974.2210440583806,976.558967862259,1020.7712199371731,1028.6590567810117,1064.889046296454,986.7373444990623,8.359833878109708,6.843754779110607,717.6599837538155,0.11391428313552628,0.5695714156776314
427,WHITTLESEA,410000,3,310.0,310.0,310.0,,,,,,310.0,0.0,454.59247852687287,454.59247852687287,460.73800542486117,470.13365154881274,482.6611797140814,495.1887078793501,507.7162360446187,515.5459411479118,483.79660004092983,6.036446207266908,597.7426491823903,597.7426491823903,605.920627133961,,,,,,601.8316381581757,0.6794240642281872,2.2386234238316987,465.20941273303515,0.11346571042269149,0.5673285521134575
297,NORTH BENDIGO,337500,7,262.70668609034993,262.70668609034993,265.27154684128647,268.5670890635063,275.2865057911026,282.2082912616861,289.2387301972707,,273.8798082075337,4.07957132375282,377.0381051613171,377.0381051613171,383.19661573871093,390.5651218823192,401.1207305618898,411.7268345613402,422.2088956484031,428.740969214475,402.0853246812079,6.229329443880951,441.9148936170213,441.9148936170213,446.38297872340434,455.31914893617034,467.23404255319167,479.148936170213,488.085106382979,,463.01418439716326,4.556942636133904,4.9552811345892245,379.659772428635,0.11249178442329925,0.5624589221164963
37,BENALLA,340000,9,267.6250213510214,267.6250213510214,268.836038127808,262.4785058312167,271.7198034617627,278.6645477424107,285.79772513054803,290.2575317718348,275.0541676309432,2.7009757183137526,362.5015032104793,362.5015032104793,370.95257456538275,385.9356621357907,404.58613885528547,423.43989525881204,442.23981840922954,453.98920024108,406.23497038229425,10.765559432428681,465.7441600256794,465.7441600256794,,,,,,,465.7441600256794,0.0,4.488845050247478,382.34443267963894,0.11245424490577616,0.5622712245288808
398,TRARALGON,360000,19,288.787902633254,288.787902633254,294.4697565831351,305.8334644828974,320.98507501591365,336.13668554892996,351.28829608194627,360.7580526650815,322.60846185873686,10.483469351864711,366.6908771484405,366.6908771484405,373.7246331154447,390.77643738458545,411.1440852436166,431.9428077486691,452.6431834422212,465.5970647766389,413.2170126942309,11.259491772236988,449.8579117931548,449.8579117931548,452.2833535905545,461.4598747472272,473.9910608138814,485.94770632312174,498.05594861622177,505.5910913011074,475.312421026467,5.35532170153298,9.032760941878225,403.7126318598116,0.11214239773883657,0.5607119886941828
432,WODONGA,360000,22,271.85,271.85,274.62500000000006,280.1750000000001,287.5750000000002,294.9750000000003,302.37500000000045,307.00000000000045,288.3678571428574,5.728050728855834,365.4025656891917,365.4025656891917,373.5064142229793,389.71411129055434,411.32437404732116,432.9346368040881,454.54489956085484,468.0513137838341,413.6397593426891,11.66164338992718,450.5364812911354,450.5364812911354,453.48914857110344,470.2218171663442,488.71160735220997,505.3692883356348,521.2645430366387,530.7610459515884,488.6219902435222,7.794472969463683,8.3947223627489,396.8765355763562,0.11024348210454339,0.551217410522717
321,PORT MELBOURNE,740000,89,546.3008324733247,546.3008324733247,553.966532630223,565.7541758944849,578.3479885959546,589.5837897353658,600.4188433776006,607.1252041342087,577.3567666915945,5.378985059139165,698.931063354284,698.931063354284,700.9125940145923,707.6784244378555,717.9917658086351,728.5329964292021,739.0941048498439,745.6958349833682,719.8338262682546,2.903831711040062,1105.922332484403,1105.922332484403,1113.015861647671,1128.0091204010678,1147.9655562996227,1167.9144996854284,1187.862568250297,1200.3300413029303,1150.1457114387742,3.8450240273512946,4.042613599176841,815.7787681328746,0.11024037407201008,0.5512018703600504
300,NORTHCOTE,600000,53,427.7895777789577,427.7895777789577,437.68485712750794,451.23243870077124,465.82328744168484,479.34936297883485,492.1228788338394,500.0439986563356,464.8637716454188,7.975281389477676,608.4338692645637,608.4338692645637,616.6062185149556,631.1815289685646,649.7172437101046,668.0714528857728,686.4064416869728,697.8646016914361,651.1830509603386,6.564848644744388,804.977769812804,804.977769812804,812.8626072623836,828.6322821615427,849.6585153604215,870.6847485593003,891.7109817581791,904.8523775074784,851.9113260603011,5.509206746263518,6.68311226016186,655.9860495553529,0.10933100825922548,0.5466550412961274
50,BOX HILL,520000,93,490.60512106205664,490.60512106205664,492.23996837615886,476.42141369636096,433.60092275346756,428.0655342783564,452.1084384713779,491.4368587554268,466.3540367704578,-5.200144606775507,595.13358942655,595.13358942655,582.6335745634772,528.8179055987425,479.53603332268136,508.7354985922349,598.371920403613,653.380090375556,563.8012303261221,-5.5573413847118,719.3180824405238,719.3180824405238,711.9184106526213,681.8429912763787,640.6822086776137,621.3384534006279,638.1643466838582,663.5462293787307,668.1158175014792,-7.663680996286422,-6.140388995924577,566.0903615326864,0.10886353106397816,0.5443176553198907
312,PAKENHAM,490000,47,472.8185495374016,472.8185495374016,,,,,,,472.8185495374016,0.0,447.7205299597503,447.7205299597503,461.455236515062,489.2239277570839,526.231662320195,563.2382458340942,600.2448066775821,623.3739069282308,530.2126165702855,15.55830322260918,498.482801180507,498.482801180507,515.3933417666193,547.1212624990354,589.4251711838025,631.7290963508278,674.033037162993,701.2794764665528,593.9234552300483,16.069520947370837,10.542608056660006,532.3182071125784,0.10863636879848539,0.543181843992427
157,FITZROY,770000,33,529.9519405912934,529.9519405912934,534.9974830269343,546.3180532902701,561.6414432182595,576.9755713769207,592.3098157676791,601.8937192933228,563.4411466520971,5.943691947205633,734.6076448038092,734.6076448038092,739.8583090636862,754.8571733468182,772.7980150477207,790.6842973061293,808.5354481997952,819.6906679363493,774.4330793863298,5.142527565335768,1062.3706205076778,1062.3706205076778,1097.2457617776809,1096.1313314922377,1124.0952008322743,1153.3301700894806,1182.5651393466867,1200.8369951324405,1130.9393170254968,6.062986358822749,5.716401957121383,822.9378476879747,0.10687504515428242,0.534375225771412
189,HAWTHORN,600000,121,434.6762475938158,434.6762475938158,441.19085601020913,450.10206764081016,461.6407462503477,473.1794248598853,484.71810346942283,491.9297776003838,462.4910319178392,6.0141240379693865,576.0081921253827,576.0081921253827,564.6282964086075,532.7870837797348,508.34484687345474,528.5473608284808,576.6685071445734,604.8842732142953,555.981222910647,-3.6020945293604396,836.090045955454,836.090045955454,872.8554959130456,875.7433177863826,897.826521963258,919.9097261401333,941.9929303170086,955.7949329275558,900.030424428977,7.10424633857126,3.172091949060069,639.5008930858211,0.10658348218097018,0.5329174109048509
202,HORSHAM,343500,10,286.84816437556367,286.84816437556367,323.645817888327,346.03587858781543,346.93181445003415,360.84103401064147,370.12395698760326,377.1415747293168,344.5097487184717,16.737286697227322,302.37668484189294,302.37668484189294,304.3862933488076,312.4937070948295,319.98744648513923,327.94006547941774,335.79751781466626,340.7219686989207,320.52909768052484,5.663265198070919,403.61830981121,403.61830981121,409.4296765119833,419.26307589108075,429.8381275448351,441.5548719794295,452.8230810740334,,426.0878571354287,5.2734540419153335,9.224668645737859,363.7089011781418,0.10588323178402964,0.5294161589201483
142,ECHUCA,400000,10,275.86325920698965,275.86325920698965,275.5928643525169,283.50077243541693,290.7140822420884,298.1700785277442,305.5501001771479,310.1728037150871,291.3662800938559,5.320801323293949,406.1126591350748,406.1126591350748,415.3968527294139,434.36845703913593,460.4319620636109,487.4171062219006,515.3238895140049,533.1976474155456,464.6069391598124,12.590057335458157,481.8679356361762,481.8679356361762,482.3427790315876,492.514158076043,504.82843878412103,517.1427194921991,529.4570002002772,537.1534256428259,506.4723509804614,4.857997736037201,7.5896187982631025,420.81519007804326,0.10520379751951081,0.526018987597554
146,ELWOOD,620000,83,438.3113472967664,438.3113472967664,430.7138402334125,411.8633150502947,409.55116668015097,437.2860531854218,460.9316972461513,464.22578476344734,436.12617206509213,-0.5010419854711573,600.4803514522797,600.4803514522797,593.8459525766477,571.6453007486363,568.0158084930345,609.9795012938453,648.1158801356188,652.0903924480174,606.3104553068686,0.9615707272667924,895.5137795479687,895.5137795479687,888.5376509807477,889.5830538360307,893.9056489135592,905.4174075239263,921.6638991019828,934.8289982417908,904.2072054494295,0.9614417855849451,0.4739901757935267,648.8812776071301,0.10465827058179517,0.5232913529089758
247,MALVERN,650000,29,452.32000625729074,452.32000625729074,456.68043714831424,465.7435742558854,477.86773319990186,489.99280395732643,502.11787747868175,509.6960484347557,479.20264010459374,5.609867642097178,604.7462207555201,604.7462207555201,608.4783680013823,608.136256146886,612.7617274543456,632.0013197288721,654.1604504401178,667.1331211548475,626.7739233831388,3.514457415318072,906.9177287233488,906.9177287233488,899.6419206571468,898.7581954080736,922.7459593863331,946.7337233645924,970.721487342852,985.713839829264,933.0332649588015,2.7989930494713797,3.97443936896221,679.6699428155114,0.10456460658700174,0.5228230329350088
257,MELTON,378000,17,365.7966588745852,365.7966588745852,368.37741802214623,382.1287783654475,384.7711613490273,393.16544242407844,400.32254927123984,404.2358071345339,385.54254506300833,5.1215842301388825,352.2,352.2,355.5,362.09999999999997,370.89999999999986,379.6999999999999,388.4999999999998,393.9999999999998,371.8428571428571,5.282569441776472,402.55,402.55,406.375,414.0250000000001,424.22500000000014,434.4250000000001,444.6250000000002,451.0000000000002,425.3178571428572,5.353139248797124,5.252430973570826,394.2344197829075,0.10429482004838822,0.5214741002419411
106,CORIO,377500,2,302.2,302.2,305.5,312.09999999999997,320.8999999999999,329.6999999999999,338.49999999999983,343.9999999999998,321.84285714285704,6.103244706822292,373.76399552590937,373.76399552590937,377.1898386809732,384.6073923050052,394.4689134408064,404.329764938058,414.19061429951773,420.3536451461805,395.55773776235003,5.509623540605412,430.7985445055263,430.7985445055263,436.01079275020754,446.7643162735101,458.530495078591,470.29667388367193,482.06285268875286,489.4167144419284,459.12576994602694,6.169818227330317,5.927562158252674,392.1754549504114,0.10388753773520833,0.5194376886760417
355,SHEPPARTON,460000,16,286.1077641369663,286.1077641369663,296.72182560983435,316.9910060172463,344.2031819196644,371.33304938222966,398.4907342425289,415.4313307789104,347.03984172676854,17.557660609404984,377.1761663265851,377.1761663265851,394.00131549201603,424.44774887173867,469.1192129725146,511.99915750423133,555.7376196544934,582.7450482010001,473.60375271751127,20.360393226960348,493.6662826895917,493.6662826895917,505.5567370685361,535.6196319572053,578.0350451234274,619.6612284558985,661.495683924814,687.6042340216565,583.0912633201613,15.336360919108555,17.75147158515796,467.91161925481373,0.10171991722930733,0.5085995861465367
394,THORNBURY,572000,43,399.3454875985302,399.3454875985302,408.04270572126666,420.6001333583749,434.5939954701745,447.3166083193973,459.63122457284464,467.2559422947015,433.8265853336128,7.948129252744299,501.158518934832,501.158518934832,505.78382634841716,516.094621462429,529.8423482811116,543.5900750997943,557.3378019184769,565.9301311801536,531.3910461750307,5.689318150505813,726.4699496767591,726.4699496767591,724.1267390399282,739.5312741520065,759.4865792967994,779.3795190939139,799.272425196418,811.7054914991089,762.8531397078477,4.769357054101183,6.1356014857837655,576.0235904054971,0.10070342489606593,0.5035171244803296
89,CHELTENHAM,608500,52,463.5640324288547,463.5640324288547,471.3608976483457,488.1189389096371,509.0170248277218,525.6939299745254,541.2745313213262,550.5771479756872,507.08664329801405,8.582874631856782,557.7871353282441,557.7871353282441,571.4922511941754,594.0555685984882,618.3703136048553,638.9271962682659,657.6527018037871,668.8879724229618,615.310448460111,9.348665096753361,675.3319960540305,675.3319960540305,677.3529153157599,691.7714343342521,710.0040016260834,728.0127917695497,746.021581913016,757.2770757526824,712.2531138236249,5.183707456382867,7.70508239499767,611.55006852725,0.10050124380069844,0.5025062190034922
413,WARRNAMBOOL,454000,33,325.48,325.48,329.20000000000005,336.6400000000001,346.5600000000002,356.48000000000025,366.4000000000003,372.6000000000004,347.62285714285736,6.369793207745721,408.29275041554337,408.29275041554337,416.97218718882044,434.33106073537454,457.4762254641133,480.62139019285206,503.7665549215909,518.2322828770527,459.9560645421925,11.232228055971198,493.4204569869277,493.4204569869277,499.918404184635,513.3880268689954,527.2248385493053,541.0616502296152,554.8984619099251,563.5464692101187,527.6369011342175,6.484846695471361,8.028955986396094,445.07194093975585,0.0980334671673471,0.49016733583673544
294,NOBLE PARK,531300,84,350.4224033047244,350.4224033047244,351.1171278617935,357.0364761704232,366.453365118795,376.0412064373521,385.6366679835038,391.6340387363294,368.33446937327443,4.862989363723578,487.08129904246647,487.08129904246647,491.9898924409679,500.85706102864776,513.705880727334,526.8581233672684,540.1101027959592,548.4124156808591,515.5735392976433,5.526319347961742,571.0084196313375,571.0084196313375,592.1928186094517,622.6349658242414,653.2102853007244,679.9422896863414,703.1541853532617,716.7619662254012,648.4149900901084,11.93781322791658,7.442373979867301,510.77433292034203,0.09613670862419386,0.48068354312096934
25,BALWYN,696000,31,517.1790351572657,517.1790351572657,522.7258314074995,533.8628725312449,546.823201824693,,,,530.1477352301757,2.4462426623928404,599.6541421935163,599.6541421935163,609.7506994176974,628.4254707186831,647.8428584184815,664.6459249665904,680.7949297564603,692.5396403219481,646.2362379704825,7.208214742531023,802.2573378789683,802.2573378789683,805.9614047716585,813.3392510589016,820.8596125562453,831.2019310762421,844.6938002155897,854.2448592646921,824.6511709746139,2.7155522096912166,4.123336538205026,667.0117147250907,0.09583501648349003,0.47917508241745016
82,CAULFIELD,710000,17,486.40406322505606,486.40406322505606,490.2731114150066,502.83365293059194,523.5687696947512,532.6150114124354,548.3526619423225,556.8888688304498,520.1337342072304,6.484807418535146,599.3890536197744,599.3890536197744,601.2095966840861,609.5822458816051,624.5280724639433,640.3865410650271,656.3218871118019,666.2828465471518,628.2428919104842,4.592783883788234,811.4442022367756,811.4442022367756,826.4333231932578,851.3051850477744,878.8352802518059,903.0509706802263,925.8395154673685,939.7550685143012,876.6662207702159,7.439777761271324,6.172456354531568,675.0142822959768,0.09507243412619391,0.4753621706309696
109,CRAIGIEBURN,453500,60,279.4081390245366,279.4081390245366,279.4001865379089,,,,,,279.40416278122274,-0.0014231152729664053,461.7085001212725,461.7085001212725,466.5075126034569,475.93475795054457,488.3227636848787,500.66319262937327,508.3717053909401,,483.5847387300776,4.52376530042148,485.7467239201301,485.7467239201301,493.45415894687653,506.7255490825331,522.0520648469376,535.9812660538958,549.306967014003,557.496757901443,521.5376411094027,6.862576038258521,3.794972741135678,428.17551420690097,0.09441576939512701,0.47207884697563507
149,ESSENDON,575000,82,422.34700940944657,422.34700940944657,426.8703238908339,435.6800544138075,447.4647141569318,459.2565267435808,471.04946562702423,478.42016154552095,448.7268936838779,5.8788284468226255,501.00469036700105,501.00469036700105,503.341635252109,510.189973188954,521.3916542890773,533.6322157255872,546.239424930221,554.1893825501113,524.284139471866,4.440235237387746,612.934449637962,612.934449637962,616.7976200336012,639.5650237163452,650.1603432769325,667.855806881314,683.2363858367402,693.0165161995945,651.9380207974986,5.982711533195219,5.43392507246853,541.6496846510809,0.09419994515670972,0.4709997257835486
298,NORTH GEELONG,485000,3,328.4872932488028,328.4872932488028,336.71823312200684,353.18011286841494,375.12928586362574,397.07845885883654,419.02763185404734,432.74586497605407,377.48098297025547,12.979114692332258,423.5566130089825,423.5566130089825,424.48948827199484,434.46954954996977,446.20099946471174,457.8453334183035,469.50884178769036,476.7949714875403,447.5522567127419,5.361528926254714,517.7347292403791,517.7347292403791,523.3649360630994,534.5808985166886,549.5374081727684,564.4939414356381,573.8417747394616,,543.9256146946725,4.815159416420458,7.7186010116691435,456.31961812589,0.09408651920121443,0.4704325960060721
325,PRESTON,646300,100,432.5504613675753,432.5504613675753,432.2511271385323,429.5321736880311,434.29089325388065,446.20617109348296,458.7097643378481,466.5245101155764,442.86644299927536,2.329366289718402,535.0810411132372,535.0810411132372,548.0204448235488,561.8275580822757,577.5139483284489,593.2003385746222,608.8867288207954,618.6907227246537,577.6029689239402,7.361791766742523,702.2096073654502,702.2096073654502,718.9335458926005,748.0256479366898,780.885664684324,809.1359712558246,834.6072875614453,849.6730484445242,777.6386818772654,9.699758547211797,6.463638867890907,599.3693646001603,0.09273856794060968,0.4636928397030484
331,RINGWOOD,599000,92,426.59061514832814,426.59061514832814,431.6009173228109,432.62256027410956,445.49932516949485,457.865958012259,470.23259085502315,477.9617363817507,448.91052902339663,4.972018349319049,511.0159106089396,511.0159106089396,520.8560242944308,532.7484821394735,542.045989312496,557.3021130267273,580.1148742286697,594.8407700834534,548.4177376705985,6.819952108136218,630.2059584166439,630.2059584166439,632.4511285282003,645.470460678179,666.742396074281,685.4534294491954,702.684053609823,713.7710701424018,668.1112138426749,5.673494867421417,5.821821774958895,555.1464935122234,0.09267888038601392,0.4633944019300696
141,EAST MELBOURNE,840000,15,499.3376888673442,499.3376888673442,502.35498899895066,506.23829804754746,514.6664973802727,524.8940132340663,536.0294613938651,543.2363677004267,518.1081879460676,3.622891804342089,678.5464680065397,678.5464680065397,693.6083215567501,705.9853427228921,722.2610782497536,737.5328580696658,752.5446040964398,761.8993405216497,721.7682876033845,5.988323446623268,1021.61231172564,1021.61231172564,1052.2509890575811,1070.3829105165185,1095.32765334407,1120.6347794847904,1146.060327838551,1162.0544619850732,1095.4747762788895,6.74250709853363,5.451240783166329,778.4504172761139,0.0926726687233469,0.4633633436167345
77,CARNEGIE,655000,94,400.9472512611688,400.9472512611688,402.95216340265495,408.75657397817247,418.0859656823207,428.1711321745375,438.5053559922768,445.00922924891,420.3468102485773,4.615131723239756,589.2946705789518,589.2946705789518,590.9930762209995,588.4799803389931,582.1472703780361,583.7353222390376,598.825952736524,613.5951426646094,592.4387735938788,0.53070513866843,763.0436660130721,763.0436660130721,763.7644341500204,762.4344244060131,748.0712157334904,752.0882258217728,779.9678752094941,803.1607230972664,767.5043663473042,0.5811954341655952,1.909010765357927,593.4299833965867,0.09059999746512774,0.45299998732563873
163,FRANKSTON,558000,110,342.12818278121404,342.12818278121404,346.39949586089915,355.6308675276195,366.44825768807607,376.9177247004409,387.129767743871,393.4425308478233,366.87097530713487,6.74427637814815,456.2109221714169,456.2109221714169,465.5273054285421,484.1600719427926,509.00376062846,533.8474493141274,558.6911379997949,574.2184434283372,511.66558441621015,10.838067662507497,557.956127965075,557.956127965075,569.8903199126875,593.7587038079124,625.5832156682123,657.4077275285123,689.2322393888121,709.1225593014997,628.9929847961015,11.293743896691359,9.625362645782337,502.50984817314884,0.09005552834644244,0.4502776417322122
395,TOORAK,800000,46,429.9962649517984,429.9962649517984,424.37295734655504,431.13042441809284,440.51494287351204,450.10680592010056,459.7803140651412,465.8434996982639,443.1064584676377,2.9587006159145814,661.0554427428303,661.0554427428303,662.5480400376821,676.9508887955157,692.4237825824155,710.9466565146361,725.7719983566882,736.9609922412118,695.2368287529971,4.91650968368229,955.3078978307808,955.3078978307808,967.6928488327335,975.3470568781679,998.4919031664609,1022.2077138275666,1045.9282734514202,1060.7536477841525,1003.6756202530403,4.8190592105909,4.23142317006259,714.0063024912251,0.08925078781140314,0.4462539390570157
94,CLAYTON,685000,57,472.9922270019912,472.9922270019912,481.6165039718127,490.9917429847291,503.4920616686176,515.9923803525062,528.4926990363947,536.305398213825,504.2690018899824,6.202398872579313,574.4809643166508,574.4809643166508,583.246023128467,597.8576469026677,615.7080106889155,632.7386231063342,649.4874405847424,659.9028617274653,616.2030814936061,6.770838775396195,636.1457046915554,636.1457046915554,636.6964943092263,643.7316406939564,657.6381946401359,673.1603396141442,689.0522136565229,699.0325683425597,662.208165135443,3.9356899863288475,5.636309211434785,594.2267495063438,0.08674843058486771,0.43374215292433854
328,RESERVOIR,647000,136,405.48673652725694,405.48673652725694,409.688426630226,414.25472860525167,423.8621157959363,435.8905035041673,447.3186404750247,454.34278496039474,427.26341949975114,5.096781511974695,499.0879780159364,499.0879780159364,514.5544200892894,538.4526986512938,564.4676610951684,586.2363149298972,605.436774418455,616.6458296668069,560.6973824095496,10.987995722193672,613.8862956118862,613.8862956118862,631.5403045379223,659.1760930398768,687.2143793535142,709.7834615790383,729.8380859357811,741.7613882048064,681.885715466118,9.972260499363776,8.685679244510714,556.6155057918062,0.08603021727848628,0.4301510863924314
144,ELSTERNWICK,754100,44,427.0256591763692,427.0256591763692,428.09167372655537,431.0753211353268,439.6443205932648,450.1836427643681,461.19525145232797,468.1399410475101,443.6222585565318,3.7411556927204255,601.110674496426,601.110674496426,603.314614444106,610.7873792074621,622.9551920137758,643.0197816502247,659.9469572634953,669.01350316272,630.0211574626013,4.5888114428746745,811.2951964127762,811.2951964127762,819.5388330536346,834.6367739411655,855.0294810347225,875.4221881282795,895.8148952218364,908.5603371553096,857.1853864211034,5.35358986927281,4.561185668289303,643.6096008134122,0.08534804413385653,0.4267402206692827
380,SUNSHINE,547000,18,338.36297629337,338.36297629337,348.71844623553795,360.1479382363501,362.9895457580145,364.6861650874471,373.77171026874186,382.160487096534,361.5481812822851,6.412756636386678,425.6780654212726,425.6780654212726,434.0010673506872,446.5086007149667,460.61010140695475,473.60199175183743,486.28211217008425,494.1587579434984,460.1200995370431,7.485444376462764,541.5915342435786,541.5915342435786,551.8075024579689,564.5623025324721,577.6985925434598,587.9583101541878,606.0338743011422,621.2078899029505,578.6942865908229,6.41145993782353,6.769886983557657,466.78752247005036,0.08533592732542054,0.42667963662710273
76,CARLTON NORTH,730000,7,420.7678888766369,420.7678888766369,427.81666504134034,434.6167385750924,445.4039859778697,456.09191683810815,466.65640057344064,473.2039022878874,446.3653568814822,5.734644862155353,579.0289882823905,579.0289882823905,584.5909414425423,595.4597660466529,609.9088511533375,624.3562404431927,638.8036159046618,647.8332254979372,611.425946967245,5.298590752575634,756.7424934767847,756.7424934767847,760.1300865091202,769.5560762796043,787.3513421471579,805.2543567275966,823.1576426471171,,783.6986662978969,3.439609377983261,4.824281664238083,613.8299900488747,0.08408630000669517,0.42043150003347585
39,BENTLEIGH,742500,42,422.1989262141676,422.1989262141676,431.628099397415,445.97699420408696,461.4915524970057,474.92001116867493,487.6074266415474,495.3882837508168,459.88732769624494,8.195138072378127,579.8964535614981,579.8964535614981,582.0292706054552,573.9497499134975,561.4682315570764,572.096162162163,606.003851609519,629.3281458186875,586.3959807468425,1.108385357121053,757.6328441882966,757.6328441882966,766.119784190433,782.2518080055227,802.4139624353734,822.6532466140781,842.905951079929,855.5661384014365,804.2205335592956,5.792899761563232,5.032141063687471,616.8346140007943,0.08307536888899587,0.41537684444497935
366,SPRINGVALE,642000,23,362.6,362.6,366.5000000000001,374.3000000000002,384.7000000000003,395.10000000000036,405.5000000000004,412.00000000000045,385.814285714286,6.016958566297684,497.86297871372966,497.86297871372966,498.570829560299,506.0994505796796,519.170354122476,532.8347820140459,546.5592649984441,555.1406806307033,522.3197629456254,4.682339433984181,627.2238677699894,627.2238677699894,636.9364900381588,653.9415173370999,674.2335342722831,693.3233965731971,711.9850952400276,723.5656965202467,674.4585139644289,7.003343455003175,5.900880485095013,527.5308542081134,0.08216991498568745,0.4108495749284372
49,BORONIA,647500,56,409.8046450254682,409.8046450254682,394.8363621245171,390.2091610008057,417.7762939374913,428.719302631094,435.0239951002528,444.2303412804729,417.2285858714431,1.779346165955752,497.069661985036,497.069661985036,507.0526045631545,519.5978465112853,534.3090700978345,548.4267613364258,562.439300104557,571.1873648551536,534.2975156362066,6.967626193590311,592.6705400037717,592.6705400037717,606.1496766806113,623.9888965344264,642.5356530157555,660.0636745649332,677.2397364507533,687.7941135610996,641.491755830193,7.610575721778187,5.452516027108083,531.0059524459476,0.08200864130439346,0.4100432065219673
38,BENDIGO,536000,6,317.67385586021226,317.67385586021226,317.3720653446096,323.16589228225916,339.35501713708425,351.87660572327377,365.95721661469355,374.2761889411657,341.38240598618546,6.9448658484563515,408.08316264830967,408.08316264830967,421.4628476278199,429.5752205337388,445.7005203929158,460.0353652028344,473.8157915859563,482.26912465242657,445.8488618062859,8.470515996154957,484.8184954242332,484.8184954242332,485.94101291957475,496.18976007722426,509.0355967984117,522.0010007900632,533.4384687814664,,505.2373891318289,4.0414454960830035,6.48560911356477,430.82288564143346,0.08037740403758087,0.40188702018790434
216,KEW,828000,66,472.9344948779635,472.9344948779635,483.0655428998142,492.1152006166933,504.7107117276192,517.2454014578,529.7362481588136,537.545988432607,505.33622688161574,6.411915528716474,563.2970866717998,563.2970866717998,576.7381279617016,592.2567713740955,608.7883824655463,624.7292804265835,639.8190072330474,649.1961479567427,607.8321148699309,7.3268633079154,829.5013692697274,829.5013692697274,829.7088983419615,845.1440420818535,865.7242337350431,886.3044253882326,906.8846170414223,919.7472368246656,869.0021175261294,4.545529574640447,6.094769470424107,660.723486425892,0.07979752251520435,0.3989876125760217
29,BAYSWATER,665000,31,393.29411764705856,393.29411764705856,397.35294117647027,402.76470588235264,,,,,397.8039215686272,1.1336750788643517,486.264737061573,486.264737061573,497.9302112625603,519.0948928895409,544.0341699627577,566.0428559056377,585.9691738348049,597.6874807894333,542.4319316723297,10.354699148627185,588.8674366944399,588.8674366944399,599.7140016269882,622.5668091608792,648.6630483904164,672.2547625308257,694.0954174163028,707.1356092593886,647.6138692970344,9.071212861201074,6.85319569623087,529.283240845997,0.07959146478887173,0.3979573239443587
396,TORQUAY,757500,12,346.6834188286495,346.6834188286495,350.4830154641965,358.05589024872205,367.0318981000449,,,,355.5635556604032,2.49748228984274,504.8246912092338,504.8246912092338,509.0709942958871,518.4869065271528,533.4930940240296,548.1271546116876,562.8981935964454,572.1202961887324,535.574475779024,5.7414581837685486,631.7969659769315,631.7969659769315,629.006732094231,645.006873181199,664.6483689729101,683.9952699448313,702.2924144146566,713.2328605158062,667.1399264429381,5.29768329928153,4.5122079242976065,519.4259859607885,0.06857108725554964,0.34285543627774817
45,BLACKBURN,855000,43,452.1628027563159,452.1628027563159,457.0401601382224,466.79487490203553,479.8011612537863,492.807447605537,505.8137339572878,513.942662927132,481.194691934331,6.033293730093161,554.3186913110467,554.3186913110467,560.3531521417422,567.9226450169979,575.8517415745299,584.2835606654435,594.2212945179713,600.8385825873413,576.8270954021533,3.9021058945599942,652.2946697765058,652.2946697765058,656.688601333216,669.5052690349777,686.6020452686639,703.6584273268103,720.7142790873492,731.3741821192283,688.6910677066787,5.284865687509481,5.073421770720878,582.237618347721,0.06809796705821299,0.3404898352910649
7,ALTONA,753500,44,369.75522841164616,369.75522841164616,380.87299241177357,401.2052458075146,420.3846425903908,435.92912056637823,449.560987806017,457.6594327655198,416.48109290846287,11.219204254990382,477.8577169366884,477.8577169366884,487.95726123257407,503.8071872488668,520.5942324476682,535.1409136170564,548.8685895165751,557.2859577005937,518.7874083857175,7.88949207082489,555.354849857613,555.354849857613,564.6271701199039,587.4990993678655,588.7080764293815,612.0155016093208,624.604080947922,628.8261344827384,594.5192732592493,6.587578429027325,8.565424918280867,509.92925818447657,0.06767475224744215,0.33837376123721075
429,WILLIAMSTOWN,940000,23,446.01292609585846,446.01292609585846,432.2099834742596,442.3850233698559,454.91604131500117,467.274907131086,479.63306296307377,487.356908532455,458.54126469737,2.7322161746511666,532.621796122003,532.621796122003,520.3702268133259,515.4932131876898,520.3469495054604,537.7008549357466,556.6134179899653,567.324529760253,535.7815697592063,0.5897503414727943,652.8189337537951,652.8189337537951,657.59397271746,680.9602567234396,696.1233527471422,711.7713819653227,727.4194111835031,737.1994294448659,694.8409626479327,6.047718996588514,3.123228504237492,563.0545990348363,0.05989942542923791,0.29949712714618953
56,BRIGHTON,1495000,60,452.0727501822946,452.0727501822946,462.57529530680813,460.28311381189906,472.8604098497426,483.07699537970836,493.9059922756944,500.5658300840654,475.0486266986018,4.836531509622578,649.3269510631542,649.3269510631542,654.993532631158,664.1270354971268,681.0590404297305,697.5564319179568,714.1255495294289,724.4736639785226,683.6660292924397,5.02278550607886,956.5,956.5,966.25,985.75,1011.75,1037.75,1063.75,1080.0,1014.5357142857143,5.7204210229872965,5.193246012896245,724.416790092252,0.048455972581421536,0.24227986290710768
0,ABBOTSFORD,512300,86,,,,,,,,,,,,,,,,,,,,,,,,,,,,,,,,,,
1,ABERFELDIE,810000,2,,,,,,,,,,,,,,,,,,,,,,,,,,,,,,,,,,
2,AIRPORT WEST,654500,22,,,,,,,,,,,,,,,,,,,,,,,,,,,,,,,,,,
3,ALBERT PARK,1000000,5,,,,,,,,,,,,,,,,,,,,,,,,,,,,,,,,,,
4,ALBION,410000,15,,,,,,,,,,,,,,,,,,,,,,,,,,,,,,,,,,
5,ALFREDTON,385000,9,,,,,,,,,,,,,,,,,,,,,,,,,,,,,,,,,,
6,ALPHINGTON,795000,27,,,,,,,,,,,,,,,,,,,,,,,,,,,,,,,,,,
8,ALTONA EAST,728000,8,,,,,,,,,,,,,,,,,,,,,,,,,,,,,,,,,,
9,ALTONA MEADOWS,568800,6,,,,,,,,,,,,,,,,,,,,,,,,,,,,,,,,,,
10,ALTONA NORTH,715000,18,,,,,,,,,,,,,,,,,,,,,,,,,,,,,,,,,,
11,ARARAT,300000,4,,,,,,,,,,,,,,,,,,,,,,,,,,,,,,,,,,
12,ARDEER,557500,8,,,,,,,,,,,,,,,,,,,,,,,,,,,,,,,,,,
14,ASCOT VALE,500000,33,,,,,,,,,,,,,,,,,,,,,,,,,,,,,,,,,,
15,ASHBURTON,1250000,7,,,,,,,,,,,,,,,,,,,,,,,,,,,,,,,,,,
16,ASHWOOD,1120500,10,,,,,,,,,,,,,,,,,,,,,,,,,,,,,,,,,,
17,ASPENDALE,821900,13,,,,,,,,,,,,,,,,,,,,,,,,,,,,,,,,,,
18,AVONDALE HEIGHTS,675000,5,,,,,,,,,,,,,,,,,,,,,,,,,,,,,,,,,,
19,BACCHUS MARSH,435000,8,,,,,,,,,,,,,,,,,,,,,,,,,,,,,,,,,,
20,BALACLAVA,530000,28,,,,,,,,,,,,,,,,,,,,,,,,,,,,,,,,,,
21,BALLAN,530000,3,,,,,,,,,,,,,,,,,,,,,,,,,,,,,,,,,,
22,BALLARAT CENTRAL,362500,6,,,,,,,,,,,,,,,,,,,,,,,,,,,,,,,,,,
23,BALLARAT EAST,365000,6,,,,,,,,,,,,,,,,,,,,,,,,,,,,,,,,,,
24,BALLARAT NORTH,410000,10,,,,,,,,,,,,,,,,,,,,,,,,,,,,,,,,,,
26,BALWYN NORTH,1312500,13,,,,,,,,,,,,,,,,,,,,,,,,,,,,,,,,,,
27,BARWON HEADS,890000,3,,,,,,,,,,,,,,,,,,,,,,,,,,,,,,,,,,
28,BAXTER,592000,5,,,,,,,,,,,,,,,,,,,,,,,,,,,,,,,,,,
30,BAYSWATER NORTH,645000,21,,,,,,,,,,,,,,,,,,,,,,,,,,,,,,,,,,
31,BEACONSFIELD,602500,2,,,,,,,,,,,,,,,,,,,,,,,,,,,,,,,,,,
32,BEAUMARIS,1237500,14,,,,,,,,,,,,,,,,,,,,,,,,,,,,,,,,,,
33,BELL PARK,510000,6,,,,,,,,,,,,,,,,,,,,,,,,,,,,,,,,,,
34,BELL POST HILL,400000,4,,,,,,,,,,,,,,,,,,,,,,,,,,,,,,,,,,
35,BELLFIELD (BANYULE),912500,10,,,,,,,,,,,,,,,,,,,,,,,,,,,,,,,,,,
36,BELMONT,585000,26,,,,,,,,,,,,,,,,,,,,,,,,,,,,,,,,,,
40,BENTLEIGH EAST,985000,59,,,,,,,,,,,,,,,,,,,,,,,,,,,,,,,,,,
41,BERWICK,730000,24,,,,,,,,,,,505.11176381317705,505.11176381317705,527.3882717987265,571.9412877698253,631.3453090646237,690.7493303594222,750.1533516542206,787.2808649634696,637.7100256319236,20.792877089763714,566.2050680671239,566.2050680671239,593.4985636279582,655.3331527718423,746.1532139049962,842.2154551246977,940.7122971222516,1002.8695316112236,763.8553260328705,25.875352469197978,,,,
42,BITTERN,688500,7,,,,,,,,,,,,,,,,,,,,,,,,,,,,,,,,,,
43,BLACK HILL,376000,3,,,,,,,,,,,,,,,,,,,,,,,,,,,,,,,,,,
44,BLACK ROCK,935000,18,,,,,,,,,,,,,,,,,,,,,,,,,,,,,,,,,,
46,BLACKBURN NORTH,818000,5,,,,,,,,,,,,,,,,,,,,,,,,,,,,,,,,,,
47,BLACKBURN SOUTH,940000,13,,,,,,,,,,,,,,,,,,,,,,,,,,,,,,,,,,
48,BONBEACH,730500,33,,,,,,,,,,,,,,,,,,,,,,,,,,,,,,,,,,
51,BOX HILL NORTH,884000,16,,,,,,,,,,,,,,,,,,,,,,,,,,,,,,,,,,
52,BOX HILL SOUTH,925000,14,,,,,,,,,,,,,,,,,,,,,,,,,,,,,,,,,,
53,BRAYBROOK,627500,26,,,,,,,,,,,,,,,,,,,,,,,,,,,,,,,,,,
54,BRIAR HILL,730000,8,,,,,,,,,,,,,,,,,,,,,,,,,,,,,,,,,,
55,BRIGHT,600000,3,,,,,,,,,,,,,,,,,,,,,,,,,,,,,,,,,,
57,BRIGHTON EAST,1312000,17,,,,,,,,,,,624.0,624.0,630.0,642.0,658.0,674.0,690.0,700.0,659.7142857142857,5.413598960588993,732.9981533996464,732.9981533996464,741.094289131829,755.7755199176892,779.7692486669695,798.4985590219277,817.2278693768859,828.9336883487348,779.1853325519547,5.927624304866986,,,,
58,BROADFORD,430000,0,,,,,,,,,,,,,,,,,,,,,,,,,,,,,,,,,,
59,BROADMEADOWS,455500,26,,,,,,,,,,,,,,,,,,,,,,,,,,,,,,,,,,
60,BROOKLYN,590000,18,,,,,,,,,,,,,,,,,,,,,,,,,,,,,,,,,,
61,BROWN HILL,360000,5,,,,,,,,,,,,,,,,,,,,,,,,,,,,,,,,,,
63,BRUNSWICK EAST,532500,68,,,,,,,,,,,,,,,,,,,,,,,,,,,,,,,,,,
64,BRUNSWICK WEST,430000,82,,,,,,,,,,,,,,,,,,,,,,,,,,,,,,,,,,
65,BULLEEN,884500,12,,,,,,,,,,,,,,,,,,,,,,,,,,,,,,,,,,
66,BUNDOORA,460000,52,,,,,,,,,,,,,,,,,,,,,,,,,,,,,,,,,,
67,BURWOOD,771000,40,,,,,,,,,,,,,,,,,,,,,,,,,,,,,,,,,,
68,BURWOOD EAST,605000,22,,,,,,,,,,,,,,,,,,,,,,,,,,,,,,,,,,
69,CAIRNLEA,411400,7,,,,,,,,,,,,,,,,,,,,,,,,,,,,,,,,,,
70,CALIFORNIA GULLY,445000,1,,,,,,,,,,,,,,,,,,,,,,,,,,,,,,,,,,
71,CAMBERWELL,850000,50,,,,,,,,,,,,,,,,,,,,,,,,,,,,,,,,,,
72,CANADIAN,380000,13,,,,,,,,,,,,,,,,,,,,,,,,,,,,,,,,,,
73,CANTERBURY,1216000,11,,,,,,,,,,,,,,,,,,,,,,,,,,,,,,,,,,
74,CAPEL SOUND,682500,14,,,,,,,,,,,,,,,,,,,,,,,,,,,,,,,,,,
75,CARLTON,358500,124,,,,,,,,,,,,,,,,,,,,,,,,,,,,,,,,,,
78,CAROLINE SPRINGS,460000,18,,,,,,,,,,,,,,,,,,,,,,,,,,,,,,,,,,
79,CARRUM,810000,22,,,,,,,,,,,,,,,,,,,,,,,,,,,,,,,,,,
80,CARRUM DOWNS,606000,42,,,,,,,,,,,,,,,,,,,,,,,,,,,,,,,,,,
81,CASTLEMAINE,522500,2,,,,,,,,,,,388.09829929887246,388.09829929887246,391.8848407824348,400.9562168906302,411.37564032015166,422.1574096107728,432.8397063792391,439.5357320709563,412.40683505043677,5.894309619914861,,,,,,,,,,,,,,
83,CAULFIELD EAST,360000,6,,,,,,,,,,,,,,,,,,,,,,,,,,,,,,,,,,
84,CAULFIELD NORTH,631000,55,,,,,,,,,,,,,,,,,,,,,,,,,,,,,,,,,,
85,CAULFIELD SOUTH,1085000,31,,,,,,,,,,,,,,,,,,,,,,,,,,,,,,,,,,
86,CHADSTONE,990000,19,,,,,,,,,,,,,,,,,,,,,,,,,,,,,,,,,,
87,CHELSEA,719800,40,,,,,,,,,,,,,,,,,,,,,,,,,,,,,,,,,,
88,CHELSEA HEIGHTS,858500,2,,,,,,,,,,,,,,,,,,,,,,,,,,,,,,,,,,
90,CHELTENHAM EAST,755000,8,,,,,,,,,,,,,,,,,,,,,,,,,,,,,,,,,,
91,CHELTENHAM NORTH,730000,5,,,,,,,,,,,,,,,,,,,,,,,,,,,,,,,,,,
92,CHIRNSIDE PARK,715000,11,,,,,,,,,,,,,,,,,,,,,,,,,,,,,,,,,,
93,CLARINDA,810000,6,,,,,,,,,,,,,,,,,,,,,,,,,,,,,,,,,,
95,CLAYTON NORTH,445000,6,,,,,,,,,,,,,,,,,,,,,,,,,,,,,,,,,,
96,CLAYTON SOUTH,500500,16,,,,,,,,,,,,,,,,,,,,,,,,,,,,,,,,,,
97,CLIFTON HILL,860000,9,,,,,,,,,,,,,,,,,,,,,,,,,,,,,,,,,,
98,CLIFTON SPRINGS,540000,3,,,,,,,,,,,,,,,,,,,,,,,,,,,,,,,,,,
99,CLYDE NORTH,588000,1,,,,,,,,,,,,,,,,,,,,,,,,,,,,,,,,,,
100,COBRAM,315000,4,,,,,,,,,,,,,,,,,,,,,,,,,,,,,,,,,,
101,COBURG,713000,67,,,,,,,,,,,,,,,,,,,,,,,,,,,,,,,,,,
102,COBURG EAST,312500,8,,,,,,,,,,,,,,,,,,,,,,,,,,,,,,,,,,
103,COBURG NORTH,732500,10,,,,,,,,,,,,,,,,,,,,,,,,,,,,,,,,,,
104,COLAC,451000,9,,,,,,,,,,,,,,,,,,,,,,,,,,,,,,,,,,
105,COLLINGWOOD,630000,51,,,,,,,,,,,,,,,,,,,,,,,,,,,,,,,,,,
107,COWES,654300,6,,,,,,,,,,,,,,,,,,,,,,,,,,,,,,,,,,
108,COWES WEST,686300,6,,,,,,,,,,,,,,,,,,,,,,,,,,,,,,,,,,
110,CRANBOURNE,492100,24,,,,,,,,,,,456.1549075496663,456.1549075496663,465.3872688741658,496.0615872137223,531.0637703790542,566.5053565489392,601.8412664815443,623.9407028717081,534.4221228455428,14.645204970022755,544.5814481870354,544.5814481870354,565.1352894587826,606.242972002277,661.053215393603,715.8634587849289,770.6737021762548,804.9301042958335,666.9257414712449,18.34451509013833,,,,
111,CRANBOURNE EAST,565000,7,,,,,,,,,,,,,,,,,,,,,,,,,,,,,,,,,,
112,CRANBOURNE NORTH,457500,6,,,,,,,,,,,,,,,,,,,,,,,,,,,,,,,,,,
113,CRANBOURNE WEST,522500,8,,,,,,,,,,,,,,,,,,,,,,,,,,,,,,,,,,
114,CREMORNE,607500,14,,,,,,,,,,,,,,,,,,,,,,,,,,,,,,,,,,
115,CRIB POINT,476000,4,,,,,,,,,,,,,,,,,,,,,,,,,,,,,,,,,,
116,CROYDON,702500,80,,,,,,,,,,,,,,,,,,,,,,,,,,,,,,,,,,
117,CROYDON NORTH,721800,8,,,,,,,,,,,,,,,,,,,,,,,,,,,,,,,,,,
118,CROYDON SOUTH,815000,9,,,,,,,,,,,,,,,,,,,,,,,,,,,,,,,,,,
119,DALLAS,465000,5,,,,,,,,,,,,,,,,,,,,,,,,,,,,,,,,,,
121,DANDENONG NORTH,560000,17,,,,,,,,,,,,,,,,,,,,,,,,,,,,,,,,,,
122,DARLEY,410000,8,,,,,,,,,,,,,,,,,,,,,,,,,,,,,,,,,,
123,DEANSIDE,456000,2,,,,,,,,,,,,,,,,,,,,,,,,,,,,,,,,,,
124,DEEPDENE,823500,4,,,,,,,,,,,,,,,,,,,,,,,,,,,,,,,,,,
125,DEER PARK,515000,9,,,,,,,,,,,,,,,,,,,,,,,,,,,,,,,,,,
126,DELAHEY,593500,2,,,,,,,,,,,,,,,,,,,,,,,,,,,,,,,,,,
127,DIAMOND CREEK,750500,8,,,,,,,,,,,,,,,,,,,,,,,,,,,,,,,,,,
128,DINGLEY VILLAGE,697500,10,,,,,,,,,,,,,,,,,,,,,,,,,,,,,,,,,,
130,DONCASTER,590000,74,,,,,,,,,,,,,,,,,,,,,,,,,,,,,,,,,,
131,DONCASTER EAST,935000,59,,,,,,,,,,,,,,,,,,,,,,,,,,,,,,,,,,
132,DONVALE,710000,9,,,,,,,,,,,,,,,,,,,,,,,,,,,,,,,,,,
133,DOREEN,575000,7,,,,,,,,,,,,,,,,,,,,,,,,,,,,,,,,,,
134,DOVETON,530000,24,,,,,,,,,,,,,,,,,,,,,,,,,,,,,,,,,,
135,DROMANA,850000,13,,,,,,,,,,,,,,,,,,,,,,,,,,,,,,,,,,
136,DROUIN,440000,14,,,,,,,,,,,,,,,,,,,,,,,,,,,,,,,,,,
137,DRYSDALE,495000,7,,,,,,,,,,,,,,,,,,,,,,,,,,,,,,,,,,
138,EAGLEHAWK,367000,2,,,,,,,,,,,,,,,,,,,,,,,,,,,,,,,,,,
139,EAST BENDIGO,540000,4,,,,,,,,,,,,,,,,,,,,,,,,,,,,,,,,,,
140,EAST GEELONG,592500,6,,,,,,,,,,,,,,,,,,,,,,,,,,,,,,,,,,
143,EDITHVALE,900000,20,,,,,,,,,,,,,,,,,,,,,,,,,,,,,,,,,,
145,ELTHAM,775800,14,,,,,,,,,,,,,,,,,,,,,,,,,,,,,,,,,,
147,ENDEAVOUR HILLS,690000,14,,,,,,,,,,,,,,,,,,,,,,,,,,,,,,,,,,
148,EPPING,475000,35,,,,,,,,,,,,,,,,,,,,,,,,,,,,,,,,,,
150,ESSENDON NORTH,380000,20,,,,,,,,,,,,,,,,,,,,,,,,,,,,,,,,,,
151,ESSENDON WEST,865000,4,,,,,,,,,,,,,,,,,,,,,,,,,,,,,,,,,,
152,EUMEMMERRING,577500,8,,,,,,,,,,,,,,,,,,,,,,,,,,,,,,,,,,
153,FAIRFIELD,630000,21,,,,,,,,,,,,,,,,,,,,,,,,,,,,,,,,,,
154,FAWKNER,595000,15,,,,,,,,,,,,,,,,,,,,,,,,,,,,,,,,,,
155,FERNTREE GULLY,688000,29,,,,,,,,,,,507.0579009515176,507.0579009515176,516.3702364103934,531.3181133969235,547.8896079064577,562.996561990522,577.6649377218587,586.7600786822072,547.1510624371257,7.327621974638,575.8885569299047,575.8885569299047,573.7834841252817,575.4559582749675,595.0655163986814,610.8509962479109,624.7214159181661,635.6009247814965,598.766693239487,3.8208765731115686,,,,
156,FISHERMANS BEND,870000,23,,,,,,,,,,,,,,,,,,,,,,,,,,,,,,,,,,
158,FITZROY NORTH,591800,24,,,,,,,,,,,,,,,,,,,,,,,,,,,,,,,,,,
159,FLEMINGTON,436800,30,,,,,,,,,,,,,,,,,,,,,,,,,,,,,,,,,,
160,FLORA HILL,440000,8,,,,,,,,,,,,,,,,,,,,,,,,,,,,,,,,,,
162,FOREST HILL,870000,15,,,,,,,,,,,,,,,,,,,,,,,,,,,,,,,,,,
164,FRANKSTON NORTH,605000,3,,,,,,,,,,,,,,,,,,,,,,,,,,,,,,,,,,
165,FRANKSTON SOUTH,710500,13,,,,,,,,,,,,,,,,,,,,,,,,,,,,,,,,,,
166,GARDENVALE,1042500,4,,,,,,,,,,,,,,,,,,,,,,,,,,,,,,,,,,
167,GEELONG,630000,11,,,,,,,,,,,,,,,,,,,,,,,,,,,,,,,,,,
168,GEELONG WEST,335000,13,,,,,,,,,,,,,,,,,,,,,,,,,,,,,,,,,,
169,GISBORNE,555000,7,,,,,,,,,,,,,,,,,,,,,,,,,,,,,,,,,,
170,GLEN HUNTLY,618500,32,,,,,,,,,,,,,,,,,,,,,,,,,,,,,,,,,,
171,GLEN IRIS,640000,72,,,,,,,,,,,,,,,,,,,,,,,,,,,,,,,,,,
172,GLEN WAVERLEY,876000,35,,,,,,,,,,,,,,,,,,,,,,,,,,,,,,,,,,
173,GLENROY,575000,78,,,,,,,,,,,,,,,,,,,,,,,,,,,,,,,,,,
174,GOLDEN POINT (BALLARAT),375000,5,,,,,,,,,,,,,,,,,,,,,,,,,,,,,,,,,,
175,GOLDEN SQUARE,482100,10,,,,,,,,,,,,,,,,,,,,,,,,,,,,,,,,,,
176,GOWANBRAE,735000,2,,,,,,,,,,,,,,,,,,,,,,,,,,,,,,,,,,
177,GREENSBOROUGH,730000,25,,,,,,,,,,,,,,,,,,,,,,,,,,,,,,,,,,
178,GREENVALE,572500,4,,,,,,,,,,,,,,,,,,,,,,,,,,,,,,,,,,
179,GROVEDALE,485000,15,,,,,,,,,,,,,,,,,,,,,,,,,,,,,,,,,,
180,HADFIELD,506300,10,,,,,,,,,,,,,,,,,,,,,,,,,,,,,,,,,,
181,HALLAM,502500,7,,,,,,,,,,,,,,,,,,,,,,,,,,,,,,,,,,
182,HAMILTON,364500,2,250.02346458043,250.02346458043,253.75702552010006,257.55867662045887,264.5564381930522,271.6969014867287,278.86528478017885,283.342078216043,265.6856956281417,5.895022316004854,302.38149035045586,302.38149035045586,305.08194653094904,310.8641746894783,319.1208078215892,327.3774409537001,335.634074085811,340.7944697933803,320.1792006036234,5.55867158754039,,,,,,,,,,,,,,
183,HAMLYN HEIGHTS,550000,18,,,,,,,,,,,,,,,,,,,,,,,,,,,,,,,,,,
184,HAMPTON,857500,48,,,,,,,,,,,,,,,,,,,,,,,,,,,,,,,,,,
185,HAMPTON EAST,980500,4,,,,,,,,,,,,,,,,,,,,,,,,,,,,,,,,,,
186,HAMPTON PARK,572900,22,,,,,,,,,,,,,,,,,,,,,,,,,,,,,,,,,,
187,HARKNESS,410000,3,,,,,,,,,,,,,,,,,,,,,,,,,,,,,,,,,,
188,HASTINGS,525000,13,,,,,,,,,,,,,,,,,,,,,,,,,,,,,,,,,,
190,HAWTHORN EAST,594600,76,,,,,,,,,,,,,,,,,,,,,,,,,,,,,,,,,,
191,HEALESVILLE,580000,8,,,,,,,,,,,,,,,,,,,,,,,,,,,,,,,,,,
192,HEATHERTON,275000,0,,,,,,,,,,,,,,,,,,,,,,,,,,,,,,,,,,
193,HEATHMONT,851300,18,,,,,,,,,,,,,,,,,,,,,,,,,,,,,,,,,,
194,HEIDELBERG,631000,31,,,,,,,,,,,,,,,,,,,,,,,,,,,,,,,,,,
195,HEIDELBERG HEIGHTS,720000,43,,,,,,,,,,,,,,,,,,,,,,,,,,,,,,,,,,
196,HEIDELBERG WEST,697500,18,,,,,,,,,,,,,,,,,,,,,,,,,,,,,,,,,,
197,HERNE HILL,505000,16,,,,,,,,,,,,,,,,,,,,,,,,,,,,,,,,,,
198,HIGHETT,670000,41,,,,,,,,,,,,,,,,,,,,,,,,,,,,,,,,,,
199,HIGHTON,520500,28,,,,,,,,,,,,,,,,,,,,,,,,,,,,,,,,,,
200,HILLSIDE (MELTON),577000,5,,,,,,,,,,,,,,,,,,,,,,,,,,,,,,,,,,
201,HOPPERS CROSSING,438000,21,,,,,,,,,,,,,,,,,,,,,,,,,,,,,,,,,,
203,HUGHESDALE,535000,17,,,,,,,,,,,,,,,,,,,,,,,,,,,,,,,,,,
204,INVERLOCH,560000,9,,,,,,,,,,,,,,,,,,,,,,,,,,,,,,,,,,
205,IVANHOE,715000,51,,,,,,,,,,,,,,,,,,,,,,,,,,,,,,,,,,
206,IVANHOE EAST,827500,10,,,,,,,,,,,,,,,,,,,,,,,,,,,,,,,,,,
207,JACANA,488500,2,,,,,,,,,,,,,,,,,,,,,,,,,,,,,,,,,,
208,JOLIMONT,1350000,5,,,,,,,,,,,,,,,,,,,,,,,,,,,,,,,,,,
209,KANGAROO FLAT,430000,5,,,,,,,,,,,,,,,,,,,,,,,,,,,,,,,,,,
210,KEILOR,610000,1,,,,,,,,,,,,,,,,,,,,,,,,,,,,,,,,,,
211,KEILOR DOWNS,613000,5,,,,,,,,,,,,,,,,,,,,,,,,,,,,,,,,,,
212,KEILOR EAST,635000,9,,,,,,,,,,,,,,,,,,,,,,,,,,,,,,,,,,
213,KENNINGTON,515000,18,,,,,,,,,,,,,,,,,,,,,,,,,,,,,,,,,,
214,KENSINGTON,481000,30,,,,,,,,,,,,,,,,,,,,,,,,,,,,,,,,,,
215,KERANG,262500,0,,,,,,,,,,,,,,,,,,,,,,,,,,,,,,,,,,
217,KEW NORTH,1022500,8,,,,,,,,,,,,,,,,,,,,,,,,,,,,,,,,,,
218,KEYSBOROUGH,730000,13,,,,,,,,,,,,,,,,,,,,,,,,,,,,,,,,,,
219,KILMORE,402500,4,,,,,,,,,,,,,,,,,,,,,,,,,,,,,,,,,,
220,KILSYTH,732500,30,,,,,,,,,,,,,,,,,,,,,,,,,,,,,,,,,,
221,KINGSBURY,475000,13,,,,,,,,,,,,,,,,,,,,,,,,,,,,,,,,,,
222,KINGSVILLE,395000,15,,,,,,,,,,,,,,,,,,,,,,,,,,,,,,,,,,
223,KNOXFIELD,752000,9,,,,,,,,,,,,,,,,,,,,,,,,,,,,,,,,,,
224,KOO WEE RUP,550000,5,,,,,,,,,,,,,,,,,,,,,,,,,,,,,,,,,,
225,KOOYONG,667500,3,,,,,,,,,,,,,,,,,,,,,,,,,,,,,,,,,,
226,KORUMBURRA,420000,2,,,,,,,,,,,,,,,,,,,,,,,,,,,,,,,,,,
227,KURUNJANG,470000,5,,,,,,,,,,,,,,,,,,,,,,,,,,,,,,,,,,
228,KYABRAM,320000,7,,,,,,,,,,,,,,,,,,,,,,,,,,,,,,,,,,
229,KYNETON,520000,1,,,,,,,,,,,,,,,,,,,,,,,,,,,,,,,,,,
230,LAKE WENDOUREE,502500,8,,,,,,,,,,,,,,,,,,,,,,,,,,,,,,,,,,
231,LAKES ENTRANCE,494000,5,,,,,,,,,,,,,,,,,,,,,,,,,,,,,,,,,,
232,LALOR,557500,13,,,,,,,,,,,,,,,,,,,,,,,,,,,,,,,,,,
233,LANGWARRIN,625000,39,,,,,,,,,,,,,,,,,,,,,,,,,,,,,,,,,,
234,LARA,422500,8,,,,,,,,,,,410.2153697218183,410.2153697218183,419.23671189571263,433.6560162578959,452.4255269183498,471.90302115790354,491.3365142382149,503.48244741340943,454.6079439433292,9.76502386571687,487.5260296791343,487.5260296791343,492.5707474891972,502.66009345017744,516.1125480423893,529.5650025601591,,,505.68688424421146,3.5913240249883036,,,,
235,LARA LAKE,445000,3,,,,,,,,,,,,,,,,,,,,,,,,,,,,,,,,,,
236,LAVERTON,564000,12,,,,,,,,,,,,,,,,,,,,,,,,,,,,,,,,,,
237,LAVERTON SOUTH,547500,12,,,,,,,,,,,,,,,,,,,,,,,,,,,,,,,,,,
238,LEONGATHA,405000,2,,,,,,,,,,,,,,,,,,,,,,,,,,,,,,,,,,
239,LEOPOLD,450000,5,,,,,,,,,,,,,,,,,,,,,,,,,,,,,,,,,,
240,LILYDALE,622300,42,,,,,,,,,,,,,,,,,,,,,,,,,,,,,,,,,,
241,LONG GULLY,400000,5,,,,,,,,,,,,,,,,,,,,,,,,,,,,,,,,,,
242,LONGWARRY,500000,6,,,,,,,,,,,,,,,,,,,,,,,,,,,,,,,,,,
243,LORNE,1550000,5,,,,,,,,,,,,,,,,,,,,,,,,,,,,,,,,,,
244,LOWER PLENTY,725000,6,,,,,,,,,,,,,,,,,,,,,,,,,,,,,,,,,,
245,MACLEOD,650000,13,,,,,,,,,,,,,,,,,,,,,,,,,,,,,,,,,,
246,MAIDSTONE,635000,28,,,,,,,,,,,,,,,,,,,,,,,,,,,,,,,,,,
249,MANIFOLD HEIGHTS,443300,6,,,,,,,,,,,,,,,,,,,,,,,,,,,,,,,,,,
250,MANSFIELD,475000,4,,,,,,,,,,,,,,,,,,,,,,,,,,,,,,,,,,
251,MARIBYRNONG,492500,54,,,,,,,,,,,,,,,,,,,,,,,,,,,,,,,,,,
252,MARYBOROUGH,301000,4,,,,,,,,,,,,,,,,,,,,,,,,,,,,,,,,,,
253,MCCRAE,738000,3,,,,,,,,,,,,,,,,,,,,,,,,,,,,,,,,,,
254,MCKINNON,744000,12,,,,,,,,,,,,,,,,,,,,,,,,,,,,,,,,,,
255,MEADOW HEIGHTS,497500,16,,,,,,,,,,,,,,,,,,,,,,,,,,,,,,,,,,
256,MELBOURNE,530000,653,,,,,,,,,,,,,,,,,,,,,,,,,,,,,,,,,,
258,MELTON SOUTH,415000,11,,,,,,,,,,,,,,,,,,,,,,,,,,,,,,,,,,
259,MELTON WEST,467500,2,,,,,,,,,,,,,,,,,,,,,,,,,,,,,,,,,,
260,MENTONE,710000,55,,,,,,,,,,,,,,,,,,,,,,,,,,,,,,,,,,
261,MERINDA PARK,501000,3,,,,,,,,,,,,,,,,,,,,,,,,,,,,,,,,,,
262,MERNDA,400000,11,,,,,,,,,,,,,,,,,,,,,,,,,,,,,,,,,,
263,MICKLEHAM,597000,15,,,,,,,,,,,,,,,,,,,,,,,,,,,,,,,,,,
264,MIDDLE PARK,1067500,6,,,,,,,,,,,,,,,,,,,,,,,,,,,,,,,,,,
266,MILL PARK,624800,12,,,,,,,,,,,,,,,,,,,,,,,,,,,,,,,,,,
267,MITCHAM,897300,30,,,,,,,,,,,,,,,,,,,,,,,,,,,,,,,,,,
268,MOE,204500,8,,,,,,,,,,,,,,,,,,,,,,,,,,,,,,,,,,
269,MONT ALBERT,800000,17,,,,,,,,,,,,,,,,,,,,,,,,,,,,,,,,,,
270,MONT ALBERT NORTH,1295000,6,,,,,,,,,,,,,,,,,,,,,,,,,,,,,,,,,,
271,MONTMORENCY,840000,15,,,,,,,,,,,,,,,,,,,,,,,,,,,,,,,,,,
272,MOONEE PONDS,502000,65,,,,,,,,,,,,,,,,,,,,,,,,,,,,,,,,,,
273,MOORABBIN,725000,11,,,,,,,,,,,,,,,,,,,,,,,,,,,,,,,,,,
274,MOOROOLBARK,707500,38,,,,,,,,,,,,,,,,,,,,,,,,,,,,,,,,,,
275,MOOROOPNA,223800,4,,,,,,,,,,,,,,,,,,,,,,,,,,,,,,,,,,
276,MORDIALLOC,755000,29,,,,,,,,,,,,,,,,,,,,,,,,,,,,,,,,,,
277,MORNINGTON,724500,66,,,,,,,,,,,,,,,,,,,,,,,,,,,,,,,,,,
278,MORWELL,232500,14,263.7953491912168,263.7953491912168,269.48837297804187,280.87442055169214,296.05581731655917,311.2372140814262,326.41861084629323,335.9069838243352,297.68239554136636,11.383624580325764,306.9880181148873,306.9880181148873,314.2427833672135,331.15555981445686,352.9438106328579,374.7754079416027,396.6072178231526,410.25209964883874,355.2806996204299,13.592824365955394,,,,,,,,,,,,,,
279,MOUNT CLEAR,408000,7,,,,,,,,,,,,,,,,,,,,,,,,,,,,,,,,,,
280,MOUNT ELIZA,721000,9,,,,,,,,,,,,,,,,,,,,,,,,,,,,,,,,,,
281,MOUNT EVELYN,810000,3,,,,,,,,,,,,,,,,,,,,,,,,,,,,,,,,,,
282,MOUNT MARTHA,850000,11,,,,,,,,,,,,,,,,,,,,,,,,,,,,,,,,,,
283,MOUNT PLEASANT,369000,6,,,,,,,,,,,,,,,,,,,,,,,,,,,,,,,,,,
284,MOUNT WAVERLEY,1070000,31,,,,,,,,,,,518.6341085366581,518.6341085366581,517.5033401709957,520.0125361314099,532.3383790596714,545.2899243118596,558.110661465874,566.1083613779115,536.8567587220543,3.394322580342253,695.7778804865335,695.7778804865335,714.6999778649562,740.1627995379296,764.6263829308508,791.6132880101187,811.39459520056,828.6774357881192,763.8503371170098,8.911753169789941,,,,
285,MULGRAVE,827500,8,,,,,,,,,,,,,,,,,,,,,,,,,,,,,,,,,,
286,MURRUMBEENA,493000,43,,,,,,,,,,,,,,,,,,,,,,,,,,,,,,,,,,
287,NARRE WARREN,601500,20,,,,,,,,,,,,,,,,,,,,,,,,,,,,,,,,,,
288,NARRE WARREN SOUTH,667500,6,,,,,,,,,,,,,,,,,,,,,,,,,,,,,,,,,,
289,NEWBOROUGH,195000,7,,,,,,,,,,,,,,,,,,,,,,,,,,,,,,,,,,
290,NEWCOMB,492500,6,,,,,,,,,,,,,,,,,,,,,,,,,,,,,,,,,,
291,NEWPORT,880000,24,,,,,,,,,,,,,,,,,,,,,,,,,,,,,,,,,,
292,NEWTOWN (GREATER GEELONG),550000,24,,,,,,,,,,,,,,,,,,,,,,,,,,,,,,,,,,
293,NIDDRIE,662500,12,,,,,,,,,,,,,,,,,,,,,,,,,,,,,,,,,,
295,NOBLE PARK NORTH,520000,2,,,,,,,,,,,,,,,,,,,,,,,,,,,,,,,,,,
296,NORLANE,384000,6,,,,,,,,,,,,,,,,,,,,,,,,,,,,,,,,,,
299,NORTH MELBOURNE,511000,82,,,,,,,,,,,,,,,,,,,,,,,,,,,,,,,,,,
301,NOTTING HILL,443500,16,,,,,,,,,,,,,,,,,,,,,,,,,,,,,,,,,,
302,NUMURKAH,260000,1,,,,,,,,,,,,,,,,,,,,,,,,,,,,,,,,,,
303,NUNAWADING,690000,24,,,,,,,,,,,,,,,,,,,,,,,,,,,,,,,,,,
304,OAK PARK,633000,29,,,,,,,,,,,,,,,,,,,,,,,,,,,,,,,,,,
305,OAKLEIGH,520500,28,,,,,,,,,,,,,,,,,,,,,,,,,,,,,,,,,,
306,OAKLEIGH EAST,748500,17,,,,,,,,,,,,,,,,,,,,,,,,,,,,,,,,,,
307,OAKLEIGH SOUTH,760000,21,,,,,,,,,,,,,,,,,,,,,,,,,,,,,,,,,,
308,OCEAN GROVE,742000,9,,,,,,,,,,,,,,,,,,,,,,,,,,,,,,,,,,
309,OFFICER,547800,8,,,,,,,,,,,,,,,,,,,,,,,,,,,,,,,,,,
310,ORMOND,587300,28,,,,,,,,,,,,,,,,,,,,,,,,,,,,,,,,,,
311,OSBORNE,870000,7,,,,,,,,,,,,,,,,,,,,,,,,,,,,,,,,,,
313,PARKDALE,815000,23,,,,,,,,,,,,,,,,,,,,,,,,,,,,,,,,,,
314,PARKVILLE,560000,23,,,,,,,,,,,,,,,,,,,,,,,,,,,,,,,,,,
315,PASCOE VALE,640500,86,,,,,,,,,,,,,,,,,,,,,,,,,,,,,,,,,,
316,PASCOE VALE SOUTH,730000,11,,,,,,,,,,,,,,,,,,,,,,,,,,,,,,,,,,
317,PATTERSON LAKES,685000,17,,,,,,,,,,,,,,,,,,,,,,,,,,,,,,,,,,
318,PAYNESVILLE,480000,5,,,,,,,,,,,,,,,,,,,,,,,,,,,,,,,,,,
319,PEARCEDALE,777500,2,,,,,,,,,,,,,,,,,,,,,,,,,,,,,,,,,,
320,POINT COOK,561000,22,,,,,,,,,,,,,,,,,,,,,,,,,,,,,,,,,,
322,PORTARLINGTON,547500,4,,,,,,,,,,,,,,,,,,,,,,,,,,,,,,,,,,
323,PORTLAND,395000,6,295.4422792745386,295.4422792745386,298.72739803178223,305.29763554626953,314.05795223225255,322.8182689182357,328.2934668469751,,310.7728334750089,4.933041935823885,354.43278488898795,354.43278488898795,362.1906847167013,375.0122638799355,392.54791094186277,410.0590037814403,427.56799475790865,438.5110066072312,394.3316642248668,10.118101830424301,,,,,,,,,,,,,,
324,PRAHRAN,493500,81,,,,,,,,,,,,,,,,,,,,,,,,,,,,,,,,,,
326,QUARRY HILL,463500,4,,,,,,,,,,,,,,,,,,,,,,,,,,,,,,,,,,
327,REDAN,375000,8,,,,,,,,,,,,,,,,,,,,,,,,,,,,,,,,,,
329,RICHMOND,550000,115,,,,,,,,,,,,,,,,,,,,,,,,,,,,,,,,,,
330,RIDDELLS CREEK,520000,2,,,,,,,,,,,,,,,,,,,,,,,,,,,,,,,,,,
332,RINGWOOD EAST,717500,26,,,,,,,,,,,,,,,,,,,,,,,,,,,,,,,,,,
333,RINGWOOD NORTH,730000,3,,,,,,,,,,,,,,,,,,,,,,,,,,,,,,,,,,
334,RIPPLESIDE,650500,4,,,,,,,,,,,,,,,,,,,,,,,,,,,,,,,,,,
335,RIPPONLEA,580000,1,,,,,,,,,,,,,,,,,,,,,,,,,,,,,,,,,,
336,ROCKBANK,540000,7,,,,,,,,,,,,,,,,,,,,,,,,,,,,,,,,,,
337,ROMSEY,535000,4,,,,,,,,,,,,,,,,,,,,,,,,,,,,,,,,,,
338,ROSANNA,1003000,11,,,,,,,,,,,,,,,,,,,,,,,,,,,,,,,,,,
339,ROSEBUD,642500,23,,,,,,,,,,,,,,,,,,,,,,,,,,,,,,,,,,
340,ROSEBUD SOUTH,765000,4,,,,,,,,,,,,,,,,,,,,,,,,,,,,,,,,,,
341,ROWVILLE,660000,21,,,,,,,,,,,,,,,,,,,,,,,,,,,,,,,,,,
342,ROXBURGH PARK,517500,8,,,,,,,,,,,,,,,,,,,,,,,,,,,,,,,,,,
343,RYE,675000,4,,,,,,,,,,,,,,,,,,,,,,,,,,,,,,,,,,
344,SAFETY BEACH,855000,22,,,,,,,,,,,,,,,,,,,,,,,,,,,,,,,,,,
345,SALE,380000,11,,,,,,,,,,,,,,,,,,,,,,,,,,,,,,,,,,
346,SAN REMO,536000,8,,,,,,,,,,,,,,,,,,,,,,,,,,,,,,,,,,
347,SANCTUARY LAKES,620000,11,,,,,,,,,,,,,,,,,,,,,,,,,,,,,,,,,,
348,SANDRINGHAM,710000,42,,,,,,,,,,,,,,,,,,,,,,,,,,,,,,,,,,
349,SCORESBY,813000,6,,,,,,,,,,,,,,,,,,,,,,,,,,,,,,,,,,
350,SEAFORD,625000,44,,,,,,,,,,,,,,,,,,,,,,,,,,,,,,,,,,
351,SEAHOLME,638800,0,,,,,,,,,,,,,,,,,,,,,,,,,,,,,,,,,,
352,SEBASTOPOL,340000,37,,,,,,,,,,,,,,,,,,,,,,,,,,,,,,,,,,
353,SEDDON,780000,5,,,,,,,,,,,,,,,,,,,,,,,,,,,,,,,,,,
354,SEYMOUR,222000,8,321.3720930232562,321.3720930232562,324.94767441860506,332.0988372093028,,,,,326.13953488372135,1.4617798060467913,354.4138229607011,354.4138229607011,362.96785515986494,386.39759516359567,415.3109793400577,445.43696216598084,476.5799636168309,496.5383656799549,419.6636491552837,15.54812439102603,,,,,,,,,,,,,,
356,SKYE,575000,5,,,,,,,,,,,,,,,,,,,,,,,,,,,,,,,,,,
357,SOLDIERS HILL,555000,2,,,,,,,,,,,,,,,,,,,,,,,,,,,,,,,,,,
358,SOMERVILLE,655000,19,,,,,,,,,,,,,,,,,,,,,,,,,,,,,,,,,,
359,SOUTH KINGSVILLE,720000,5,,,,,,,,,,,,,,,,,,,,,,,,,,,,,,,,,,
361,SOUTH MORANG,505000,21,,,,,,,,,,,,,,,,,,,,,,,,,,,,,,,,,,
364,SPOTSWOOD,610000,7,,,,,,,,,,,,,,,,,,,,,,,,,,,,,,,,,,
365,SPRING GULLY,463800,8,,,,,,,,,,,,,,,,,,,,,,,,,,,,,,,,,,
367,SPRINGVALE SOUTH,604000,8,,,,,,,,,,,,,,,,,,,,,,,,,,,,,,,,,,
368,ST ALBANS,520000,49,,,,,,,,,,,,,,,,,,,,,,,,,,,,,,,,,,
369,ST ALBANS PARK,500000,3,,,,,,,,,,,,,,,,,,,,,,,,,,,,,,,,,,
370,ST HELENA,672000,0,,,,,,,,,,,,,,,,,,,,,,,,,,,,,,,,,,
372,ST KILDA EAST,600000,67,,,,,,,,,,,,,,,,,,,,,,,,,,,,,,,,,,
373,ST KILDA WEST,422500,17,,,,,,,,,,,,,,,,,,,,,,,,,,,,,,,,,,
374,ST LEONARDS,542500,10,,,,,,,,,,,,,,,,,,,,,,,,,,,,,,,,,,
375,STRATHDALE,380000,7,,,,,,,,,,,,,,,,,,,,,,,,,,,,,,,,,,
376,STRATHFIELDSAYE,680000,0,,,,,,,,,,,,,,,,,,,,,,,,,,,,,,,,,,
377,STRATHMORE,688000,7,,,,,,,,,,,,,,,,,,,,,,,,,,,,,,,,,,
378,STUDFIELD,832000,7,,,,,,,,,,,,,,,,,,,,,,,,,,,,,,,,,,
379,SUNBURY,506000,25,,,,,,,,,,,425.6481528795698,425.6481528795698,431.1187503834492,441.8414362408539,454.79848987632556,466.8783224052861,478.51135815594745,485.66305381731786,454.92279482267855,6.435079155468462,480.6256588944346,480.6256588944346,489.2272771083992,502.68457865110963,522.1993558435119,540.0961346115812,556.8021677640738,566.8101826763956,522.6350507927865,8.03799741992577,,,,
381,SUNSHINE NORTH,641000,15,,,,,,,,,,,,,,,,,,,,,,,,,,,,,,,,,,
382,SUNSHINE WEST,600000,22,,,,,,,,,,,,,,,,,,,,,,,,,,,,,,,,,,
383,SURREY HILLS,815000,34,,,,,,,,,,,,,,,,,,,,,,,,,,,,,,,,,,
385,SYDENHAM,492500,20,,,,,,,,,,,445.73,445.73,449.82500000000005,458.0150000000001,468.9350000000002,479.85500000000025,490.7750000000003,497.6000000000004,470.1050000000002,5.185011859052799,477.9794120420793,477.9794120420793,488.94485135104276,505.5588518383635,515.7529039192491,514.2541867599114,509.22423711608803,508.0396021187088,502.82200644934903,4.940633880106883,,,,
386,SYNDAL,1145000,6,,,,,,,,,,,,,,,,,,,,,,,,,,,,,,,,,,
387,TARNEIT,440000,17,,,,,,,,,,,,,,,,,,,,,,,,,,,,,,,,,,
388,TAYLORS HILL,551300,2,,,,,,,,,,,,,,,,,,,,,,,,,,,,,,,,,,
389,TAYLORS LAKES,590000,3,,,,,,,,,,,,,,,,,,,,,,,,,,,,,,,,,,
390,TEMPLESTOWE,613800,16,,,,,,,,,,,,,,,,,,,,,,,,,,,,,,,,,,
391,TEMPLESTOWE LOWER,903500,12,,,,,,,,,,,,,,,,,,,,,,,,,,,,,,,,,,
392,THOMASTOWN,520000,23,,,,,,,,,,,,,,,,,,,,,,,,,,,,,,,,,,
393,THOMSON (GREATER GEELONG),517500,1,,,,,,,,,,,,,,,,,,,,,,,,,,,,,,,,,,
397,TRAFALGAR,530000,2,,,,,,,,,,,,,,,,,,,,,,,,,,,,,,,,,,
399,TRAVANCORE,347500,20,,,,,,,,,,,,,,,,,,,,,,,,,,,,,,,,,,
400,TRUGANINA,515000,5,,,,,,,,,,,,,,,,,,,,,,,,,,,,,,,,,,
401,TULLAMARINE,555000,23,,,,,,,,,,,,,,,,,,,,,,,,,,,,,,,,,,
402,TYABB,597500,4,,,,,,,,,,,,,,,,,,,,,,,,,,,,,,,,,,
403,UPPER FERNTREE GULLY,500500,5,,,,,,,,,,,,,,,,,,,,,,,,,,,,,,,,,,
404,VERMONT,872500,16,,,,,,,,,,,,,,,,,,,,,,,,,,,,,,,,,,
405,VERMONT SOUTH,1104000,8,,,,,,,,,,,,,,,,,,,,,,,,,,,,,,,,,,
406,VIEWBANK,900000,1,,,,,,,,,,,,,,,,,,,,,,,,,,,,,,,,,,
407,WALLAN,452500,6,,,,,,,,,,,,,,,,,,,,,,,,,,,,,,,,,,
408,WALLAN EAST,440000,1,,,,,,,,,,,,,,,,,,,,,,,,,,,,,,,,,,
409,WANGARATTA,360800,10,,,,,,,,,,,,,,,,,,,,,,,,,,,,,,,,,,
410,WANTIRNA,764500,12,,,,,,,,,,,,,,,,,,,,,,,,,,,,,,,,,,
411,WANTIRNA SOUTH,490000,23,,,,,,,,,,,,,,,,,,,,,,,,,,,,,,,,,,
412,WARRAGUL,445000,10,,,,,,,,,,,393.0288267007019,393.0288267007019,401.10556959253324,419.41075003607983,443.8176572941419,468.2245645522041,492.63147181026613,507.885788846555,446.5863755474974,11.992651764428782,483.2121914007641,483.2121914007641,488.5478252290666,499.21909288567156,508.1118159328424,,,,494.7727313620862,2.336535388580625,,,,
414,WATSONIA,711000,7,,,,,,,,,,,,,,,,,,,,,,,,,,,,,,,,,,
415,WENDOUREE,355000,13,,,,,,,,,,,,,,,,,,,,,,,,,,,,,,,,,,
416,WERRIBEE,450000,53,,,,,,,,,,,,,,,,,,,,,,,,,,,,,,,,,,
417,WERRIBEE SOUTH,487500,10,,,,,,,,,,,,,,,,,,,,,,,,,,,,,,,,,,
419,WEST MELBOURNE,485000,65,,,,,,,,,,,,,,,,,,,,,,,,,,,,,,,,,,
420,WEST WODONGA,387500,14,,,,,,,,,,,,,,,,,,,,,,,,,,,,,,,,,,
421,WESTALL,595000,21,,,,,,,,,,,,,,,,,,,,,,,,,,,,,,,,,,
422,WESTGARTH,876100,16,,,,,,,,,,,,,,,,,,,,,,,,,,,,,,,,,,
423,WESTMEADOWS,597500,14,,,,,,,,,,,,,,,,,,,,,,,,,,,,,,,,,,
424,WHEELERS HILL,877800,4,,,,,,,,,,,,,,,,,,,,,,,,,,,,,,,,,,
425,WHITE HILLS,520000,5,,,,,,,,,,,,,,,,,,,,,,,,,,,,,,,,,,
426,WHITTINGTON,380000,10,,,,,,,,,,,,,,,,,,,,,,,,,,,,,,,,,,
428,WILLIAMS LANDING,448800,6,,,,,,,,,,,,,,,,,,,,,,,,,,,,,,,,,,
430,WILLIAMSTOWN NORTH,745000,4,,,,,,,,,,,,,,,,,,,,,,,,,,,,,,,,,,
431,WINDSOR,592000,37,,,,,,,,,,,,,,,,,,,,,,,,,,,,,,,,,,
433,WOLLERT,470000,22,,,,,,,,,,,,,,,,,,,,,,,,,,,,,,,,,,
434,WONTHAGGI,430000,7,,,,,,,,,,,,,,,,,,,,,,,,,,,,,,,,,,
435,WOODEND,680000,6,,,,,,,,,,,,,,,,,,,,,,,,,,,,,,,,,,
436,WYNDHAM VALE,497500,10,,,,,,,,,,,,,,,,,,,,,,,,,,,,,,,,,,
437,YARRA JUNCTION,670000,1,,,,,,,,,,,,,,,,,,,,,,,,,,,,,,,,,,
438,YARRAVILLE,635000,29,,,,,,,,,,,,,,,,,,,,,,,,,,,,,,,,,,
439,YARRAWONGA,473500,10,,,,,,,,,,,,,,,,,,,,,,,,,,,,,,,,,,
