Suburb;Q3_2024;Q4_2024;Q1_2025;Num_sales
ABBOTSFORD;1147500;1240000;1310000;9
ABERFELDIE;2487500;1900000;2045000;11
AINTREE;738600;690000;720000;39
AIREYS INLET;1450000;1649000;1312500;4
AIRPORT WEST;900800;915000;1000000;29
ALBANVALE;620000;612000;625000;23
ALBERT PARK;2450000;2265000;2046000;16
ALBION;780000;705000;738800;14
ALEXANDRA;525000;489000;680000;5
ALFREDTON;590000;590000;610000;83
ALLANSFORD;497000;555000;837500;4
ALPHINGTON;2185000;2090000;1965000;14
ALTONA;1180000;1150000;1200000;25
ALTONA EAST;1100000;1035000;950000;3
ALTONA MEADOWS;690000;760000;738500;20
ALTONA NORTH;950000;880000;1039500;44
ANGLESEA;1650000;1435000;1375000;18
APOLLO BAY;905000;890000;775000;6
ARARAT;390000;395000;377000;35
ARDEER;700000;670000;695000;12
ARMADALE;2317500;2450000;2588000;20
ARMSTRONG CREEK;665000;650000;648000;129
ASCOT (GREATER BENDIGO);610000;660000;622500;14
ASCOT VALE;1220000;1327500;1357500;45
ASHBURTON;1845000;1820000;1851000;30
ASHWOOD;1470000;1380000;1510000;17
ASPENDALE;1327500;1210000;1339300;14
ASPENDALE GARDENS;1180500;1247500;1225000;14
ATTWOOD;815000;785000;700000;7
AVENEL;512000;486000;569000;2
AVOCA;375000;405000;380000;9
AVONDALE HEIGHTS;1000000;965000;932500;34
BACCHUS MARSH;600000;575000;620000;40
BADGER CREEK;620000;617500;697500;6
BAIRNSDALE;430000;470000;450000;35
BALACLAVA;1307500;1302500;1450000;5
BALCOMBE;1675000;1590000;1580000;34
BALLAN;597500;580000;622500;12
BALLARAT CENTRAL;537500;590000;635000;34
BALLARAT EAST;462500;456000;500000;29
BALLARAT NORTH;525000;566000;515000;28
BALNARRING;1160000;1332500;1320000;6
BALNARRING BEACH;1570000;1875000;1187500;4
BALWYN;2730000;2860000;3100000;31
BALWYN NORTH;2160000;2360000;2325000;56
BANDIANA;595000;620000;629000;3
BANNOCKBURN;745500;705000;699000;17
BARANDUDA;617500;680000;615000;10
BARWON HEADS;1603500;1505000;1465000;16
BAXTER;705000;726300;752500;12
BAYSWATER;880800;886000;845500;26
BAYSWATER NORTH;907000;900000;910000;21
BEACONSFIELD;1020000;1060000;815000;25
BEAUFORT;355000;350000;395000;9
BEAUMARIS;2100000;2130000;1943000;35
BEEAC;380000;380000;460000;2
BEECHWORTH;877500;634800;790000;19
BELGRAVE;760000;800000;860000;11
BELGRAVE HEIGHTS;1100000;921000;1053100;4
BELL PARK;610000;628500;645000;25
BELL POST HILL;652500;685000;650000;25
BELLFIELD (BANYULE);1077500;896000;1090000;7
BELMONT;720000;715000;670000;62
BENALLA;425500;445000;465000;55
BENDIGO;730000;620000;597500;34
BENTLEIGH;1690800;1621000;1687500;36
BENTLEIGH EAST;1490000;1462500;1440500;72
BERWICK;860000;900000;900000;181
BEVERIDGE;645000;652500;615000;60
BIRCHIP;150000;390000;282500;2
BIRREGURRA;645000;860000;605000;5
BITTERN;819500;770000;880000;13
BLACK HILL;617500;650000;527500;12
BLACK ROCK;2250000;2670000;2590000;11
BLACKBURN;1502000;1562500;1638000;28
BLACKBURN NORTH;1211500;1283000;1399000;21
BLACKBURN SOUTH;1402000;1300000;1422300;18
BLAIRGOWRIE;1195000;1467500;1300000;33
BLIND BIGHT;715000;660000;830000;5
BONBEACH;1085000;1022000;1035000;15
BONNIE BROOK;651500;641000;647900;27
BONNIE DOON;675000;487500;718800;2
BONSHAW;527500;512000;545000;11
BOORT;259500;259500;270000;3
BORONIA;840000;825500;856000;62
BOTANIC RIDGE;845000;930000;910000;49
BOX HILL;1810000;1550000;1725000;7
BOX HILL NORTH;1339500;1303000;1342000;23
BOX HILL SOUTH;1757500;1550000;1350000;19
BRAYBROOK;725000;775000;770000;19
BREAKWATER;515000;515000;500000;5
BRIAR HILL;950000;889000;1190500;13
BRIGHT;1037500;1285000;850000;9
BRIGHTON;3750000;3055000;3341800;58
BRIGHTON EAST;2036000;2192500;2337500;42
BROADFORD;545000;512500;559300;16
BROADMEADOWS;575000;592000;615000;26
BROOKFIELD;530000;540000;565000;59
BROOKLYN;710000;932500;857500;6
BROWN HILL;570000;705000;610000;26
BRUNSWICK;1229500;1300000;1305000;55
BRUNSWICK EAST;1300000;1466000;1650000;23
BRUNSWICK WEST;1400000;1352500;1282500;27
BULLEEN;1354500;1293000;1350000;27
BUNDALONG;750000;750000;750000;0
BUNDOORA;923500;850000;882000;69
BUNINYONG;632500;813000;725000;17
BUNYIP;700000;700800;758000;4
BURNLEY;1488000;1318000;1105000;4
BURNSIDE;788000;747500;860000;13
BURNSIDE HEIGHTS;849000;720000;730000;16
BURWOOD;1402500;1378000;1594400;24
BURWOOD EAST;1280000;1300000;1318000;30
CAIRNLEA;860000;870000;897000;18
CALIFORNIA GULLY;425000;453800;450000;17
CAMBERWELL;2451000;2500000;2688900;59
CAMPBELLFIELD;610000;598000;643000;15
CAMPBELLS CREEK;697500;692500;780000;7
CAMPERDOWN;500000;455000;461300;12
CANADIAN;500000;482500;550000;26
CANTERBURY;3115000;3220400;4167500;22
CAPE PATERSON;1000000;775000;692500;14
CAPEL SOUND;687500;748000;705000;23
CARDIGAN VILLAGE;545000;545000;410000;5
CARISBROOK;530000;615000;432500;2
CARLTON;1545000;1175000;1360000;18
CARLTON NORTH;1457500;1725000;1730000;20
CARNEGIE;1820000;1640000;1725000;21
CAROLINE SPRINGS;727000;737500;750000;59
CARRUM;1016000;1016000;881000;5
CARRUM DOWNS;711000;715000;745000;97
CASTERTON;250000;395000;375000;5
CASTLEMAINE;720000;710000;782500;27
CAULFIELD;2320000;1910000;2080000;5
CAULFIELD EAST;1775000;1760000;1819000;2
CAULFIELD NORTH;2270000;2201000;2450000;19
CAULFIELD SOUTH;1800000;1805000;1755000;19
CHADSTONE;1156000;1249000;1200000;11
CHARLEMONT;635000;635000;600000;31
CHARLTON;285000;275000;265000;5
CHELSEA;1095000;1267000;980000;13
CHELSEA HEIGHTS;957500;872500;970000;17
CHELTENHAM;1263000;1307000;1256000;37
CHELTENHAM EAST;1081300;1155000;1220000;19
CHELTENHAM NORTH;960000;1205000;1100000;11
CHEWTON;860000;761300;600000;5
CHILTERN;435000;462000;465000;5
CHIRNSIDE PARK;855000;897500;900000;46
CHUM CREEK;845000;761000;761000;0
CHURCHILL;380000;337500;379000;15
CLARINDA;1015000;1050000;1107000;17
CLAYTON;1150000;1165000;1200000;13
CLAYTON NORTH;1285000;1400000;1268800;4
CLAYTON SOUTH;1015000;1060000;986000;8
CLEMATIS;890000;915000;955000;1
CLIFTON HILL;1555000;1442500;1775000;17
CLIFTON SPRINGS;721000;652600;640500;42
CLUNES;492500;505000;440000;3
CLYDE;700000;691300;689500;131
CLYDE NORTH;733500;705000;745000;219
COBBLEBANK;636000;600000;618800;28
COBDEN;300000;347500;367500;7
COBRAM;411300;420000;432500;30
COBURG;1150000;1155000;1250000;55
COBURG EAST;1005000;1174000;1015000;12
COBURG NORTH;990000;1050000;975000;11
COCKATOO;720000;735000;725000;20
COHUNA;262500;400000;362500;12
COLAC;452800;457500;460000;31
COLDSTREAM;922000;820000;800000;5
COLERAINE;265000;262500;245000;7
COLLINGWOOD;1100000;1167500;1200000;9
CONNEWARRE;1270000;1950000;1925000;5
COOLAROO;542000;557500;601500;10
COONANS HILL;1175000;1207500;1545000;2
CORINELLA;585000;780000;635000;9
CORIO;483500;495000;480000;81
CORONET BAY;485000;445000;535000;18
CORRYONG;290000;255000;440000;7
COWES;885000;898500;775000;13
COWES WEST;735000;682500;665000;43
CRAIGIEBURN;650000;665000;679000;194
CRANBOURNE;647500;677000;660000;109
CRANBOURNE EAST;720000;710000;722500;92
CRANBOURNE NORTH;737500;730000;732500;70
CRANBOURNE SOUTH;723500;830000;700000;17
CRANBOURNE WEST;690000;695000;700000;87
CREMORNE;1168500;1141500;1310000;7
CRESWICK;535000;540000;575000;19
CRIB POINT;750000;750000;710000;7
CROYDON;930000;884800;900000;62
CROYDON HILLS;1060500;1215000;1128100;14
CROYDON NORTH;987000;1035000;968000;21
CROYDON SOUTH;885000;925000;917000;13
CURLEWIS;630000;625000;640800;22
DALLAS;563000;574000;525000;15
DALYSTON;540000;515000;553500;8
DANDENONG;750000;710000;725500;50
DANDENONG NORTH;760000;790000;750000;69
DARLEY;645000;647000;645000;50
DAYLESFORD;880000;772500;952500;16
DEANSIDE;695000;670000;669500;46
DEEPDENE;4066900;3249500;3481300;4
DEER PARK;660000;657500;671000;48
DELACOMBE;525000;511000;513500;44
DELAHEY;691000;625000;671000;16
DENNINGTON;610000;576300;617300;8
Derrimut;718500;750000;805000;10
DIAMOND CREEK;1168000;1026000;1025000;33
DIGGERS REST;650000;635000;610000;30
DIMBOOLA;260000;269000;250000;7
DINGLEY VILLAGE;1120500;1145000;1055000;27
DONALD;280000;245000;260000;5
DONCASTER;1471000;1429000;1540000;55
DONCASTER EAST;1672500;1531000;1486000;53
DONNYBROOK;665800;645000;651300;110
DONVALE;1524000;1509000;1460000;19
DOREEN;761000;770000;770500;114
DOVETON;610000;600500;610000;37
DROMANA;1020000;930000;962500;54
DROUIN;600000;610000;622500;90
DRYSDALE;676500;807000;620000;15
EAGLE POINT;379800;537500;540000;5
EAGLEHAWK;512000;515000;527500;31
EAGLEMONT;2100000;2165000;2805000;6
EAST BAIRNSDALE;340000;435000;335000;8
EAST BENDIGO;670000;530000;502500;12
EAST GEELONG;696000;820000;746300;14
EAST MELBOURNE;3550000;4350000;1696000;2
EAST WARBURTON;560000;580000;600000;3
EASTWOOD;658500;581000;632500;14
ECHUCA;556300;550000;579000;70
EDENHOPE;230000;365000;307500;4
EDITHVALE;1276300;1340000;1379900;10
EILDON;407500;432500;490000;3
ELLIMINYT;587500;470000;612500;7
ELMORE;490000;342500;455000;5
ELSTERNWICK;1810000;2220000;1950000;12
ELTHAM;1241000;1161000;1200000;45
ELTHAM NORTH;1190000;1300000;1216000;16
ELWOOD;1925000;2110000;2542500;20
EMERALD;910000;885000;928500;18
ENDEAVOUR HILLS;823000;809500;802500;56
EPPING;654000;690000;652000;87
EPSOM;560000;602500;585000;28
ESSENDON;1655000;1660000;1500000;47
ESSENDON NORTH;1350000;1212000;1180000;5
ESSENDON WEST;1675000;1700000;1525000;5
EUMEMMERRING;669000;677500;690000;3
EUREKA;392300;380000;570000;5
EUROA;485000;570000;480000;13
EYNESBURY;750000;750000;750000;19
FAIRFIELD;1575000;1500000;1647000;17
FAIRHAVEN;1525000;1900000;1906500;2
FAWKNER;753500;786000;805000;37
FERNTREE GULLY;865600;888500;902000;58
FERNY CREEK;1027500;1020000;1012000;5
FINGAL;1800000;1725000;1242500;2
FITZROY;1657500;1901300;1600000;24
FITZROY NORTH;1435000;1480000;1415000;35
FIVEWAYS;1055000;771800;875000;3
FLEMINGTON;1060000;1060000;1140300;18
FLINDERS;1921000;3960000;3250000;2
FLORA HILL;557500;527300;520500;20
FOOTSCRAY;937500;1000000;955000;28
FOREST HILL;1210000;1235600;1220000;23
FOSTER;580000;450000;485000;9
FRANKSTON;717500;759000;750000;146
FRANKSTON NORTH;601500;595000;625000;28
FRANKSTON SOUTH;1165000;1125000;1200000;67
FRASER RISE;710000;687500;694000;98
FYANSFORD;918000;1120000;965000;7
GARDEN CITY;1425000;1845000;2100000;7
GARDENVALE;1416000;1713800;2221000;5
GARFIELD;690000;750000;862500;2
GEELONG;890000;820000;915000;14
GEELONG WEST;811300;859000;915000;16
GEMBROOK;1155000;838000;1012300;4
GISBORNE;920000;857500;1042500;36
GLADSTONE PARK;710000;747500;805000;23
GLEN HUNTLY;1811000;1480000;1907000;3
GLEN IRIS;2285000;2330000;2177500;48
GLEN WAVERLEY;1650000;1610500;1632900;86
GLENROWAN;631500;590000;580000;6
GLENROY;807300;822500;860000;57
GOLDEN BEACH;440000;295000;335000;6
GOLDEN POINT (BALLARAT);490000;423500;476000;21
GOLDEN SQUARE;565000;545000;525000;47
GORDON;600000;635000;627500;4
GOWANBRAE;1025000;1110000;992500;6
GRANTVILLE;540000;600000;588000;9
GREEN LAKE;376500;420000;556000;4
GREENSBOROUGH;1005500;973000;1005200;52
GREENVALE;850000;806500;867500;82
GROVEDALE;655000;667500;650000;62
HADFIELD;852000;850000;901000;29
HALLAM;750000;767500;745000;27
HALLS GAP;609000;582500;582500;0
HAMILTON;404000;395500;415000;38
HAMLYN HEIGHTS;637500;692500;750000;35
HAMPTON;2247500;2487500;2305000;46
HAMPTON EAST;1442500;1385000;1459000;11
HAMPTON PARK;665000;679000;660000;87
HARKNESS;580000;550000;563000;57
HASTINGS;685000;670000;672500;22
HASTINGS WEST;603000;635000;652500;5
HAWTHORN;2770000;2750000;2440000;26
HAWTHORN EAST;2800000;3091000;2558000;38
HEALESVILLE;767500;794000;805000;18
HEATHCOTE;590000;510000;468000;12
HEATHERTON;1100000;1185000;1050000;7
HEATHMONT;1035000;1010000;1115000;22
HEIDELBERG;812000;1320000;1375000;14
HEIDELBERG HEIGHTS;922000;840000;891500;16
HEIDELBERG WEST;800000;800000;830000;11
HEPBURN;753500;680000;490000;1
HEPBURN SPRINGS;750000;963000;825000;2
HERNE HILL;705000;693300;710000;16
HEYFIELD;365000;370000;400000;16
HEYWOOD;275000;330000;322500;6
HIGHETT;1689000;1400000;1426000;30
HIGHTON;816000;882500;850000;61
HILLSIDE (MELTON);726000;800000;825000;39
HOPETOUN;310000;285000;162500;2
HOPPERS CROSSING;606000;620000;620000;140
HORSHAM;387500;382000;413100;68
HUGHESDALE;1466000;1270000;1440000;13
HUNTINGDALE;1174000;1307000;1260500;4
HUNTLY;555000;580000;549000;24
HURSTBRIDGE;875000;1100000;990000;7
INDENTED HEAD;795000;675000;730000;10
INGLEWOOD;322500;190000;425000;3
INVERLOCH;840000;891000;825000;49
INVERMAY PARK;560500;610000;605000;9
IRONBARK;478800;495000;475000;6
IRYMPLE;552500;570000;645000;20
IVANHOE;1800000;1940000;2115000;22
IVANHOE EAST;2397500;2400000;2355000;9
JACANA;587500;625000;623500;12
JACKASS FLAT;530000;531000;545000;7
JAN JUC;1252500;1250000;1232500;14
JEERALANG NORTH;415000;367500;410000;3
JEPARIT;148500;290000;191500;2
JUNCTION VILLAGE;665000;652500;665000;7
JUNORTOUN;920000;787500;806000;13
KALIMNA;358800;395000;557500;2
KALKALLO;640000;655000;630000;79
KALLISTA;875000;797500;900000;7
KALORAMA;985000;777500;815000;2
KANGAROO FLAT;515000;531800;556300;72
KANGAROO GROUND SOUTH;1230000;1238500;1001000;5
KANIVA;280000;256500;156000;3
KEALBA;657500;705300;707500;8
KEILOR;1130000;1005000;1262000;17
KEILOR DOWNS;780000;800000;815000;15
KEILOR EAST;1020000;1095000;930000;49
KEILOR LODGE;821000;941000;1007500;6
KEILOR PARK;782000;826800;850000;5
KENNINGTON;500000;587500;582500;34
KENSINGTON;1014000;1050000;1074000;26
KERANG;300000;320000;357000;14
KEW;2810000;2662000;2745000;54
KEW NORTH;2100000;2197500;2150000;13
KEYSBOROUGH;949400;935800;933500;66
KIALLA;655000;675000;708000;30
KILLARA (WODONGA);762500;670000;641500;11
KILMORE;615000;630000;615000;52
KILSYTH;782500;863000;790000;39
KILSYTH SOUTH;1253000;1048300;1190000;9
KINGLAKE;737500;831000;730000;10
KINGS PARK;600000;616000;620000;26
KINGSBURY;848300;880000;791800;10
KINGSVILLE;1247500;1050000;1337500;14
KNOXFIELD;950000;873500;1100000;17
KOO WEE RUP;674000;667500;735000;21
KOONDROOK;355000;355000;510000;3
KOROIT;600000;485000;625000;5
KORUMBURRA;525000;546300;565000;23
KURUNJANG;520000;535500;542000;49
KYABRAM;480000;450000;453500;28
KYNETON;770400;765000;809500;16
LAKE BOGA;875000;615000;310000;7
LAKE GARDENS;690000;747500;701000;9
LAKE TYERS BEACH;601500;597500;500000;7
LAKE WENDOUREE;900000;1850000;725000;8
LAKES ENTRANCE;515000;420000;475000;22
LALOR;686800;697500;717500;76
LANCEFIELD;670000;715000;650000;5
LANG LANG;680000;720000;715000;19
LANGWARRIN;872000;877500;840000;78
LARA;685000;652500;655000;34
LARA LAKE;670000;643500;677000;56
LAUNCHING PLACE;698800;730000;702500;8
LAVERTON;590000;570000;600500;28
LAVERTON SOUTH;745000;712500;710500;32
LENEVA;675000;710000;650000;9
LEONGATHA;525000;590000;556500;36
LEOPOLD;635000;667500;651000;66
LILYDALE;850000;897500;870500;56
LISMORE;285000;262500;210000;1
LOCH SPORT;460000;350000;408500;20
LOCKINGTON;300000;300000;390000;5
LONG GULLY;410500;473500;470500;21
LONGWARRY;600800;570000;613800;14
LORNE;1545000;1735000;2125000;4
LOVELY BANKS;690000;775000;710000;5
LOWER PLENTY;1350000;1250000;1600000;5
LUCAS;645000;640000;617500;34
LUCKNOW;487500;545000;515000;6
LYNBROOK;775000;851000;840000;23
LYNDHURST;875000;973000;940000;29
LYSTERFIELD;1215000;1535000;1460000;13
MACARTHUR;310000;329900;310000;5
MACEDON;1512500;770000;660000;3
MACLEOD;1020000;1225000;1028500;24
MADDINGLEY;637500;618800;595000;23
MAFFRA;430000;443500;495000;20
MAIDEN GULLY;776500;710000;780000;11
MAIDSTONE;850000;807500;847500;24
MALDON;657500;827500;690000;9
MALLACOOTA;470000;400000;400000;4
MALMSBURY;775000;920000;765000;2
MALVERN;3312000;3285000;3340000;20
MALVERN EAST;2050000;2040000;2000000;51
MAMBOURIN;637500;609000;609500;34
MANIFOLD HEIGHTS;1352500;960000;923800;6
MANOR LAKES;655000;631500;650000;97
MANSFIELD;800000;747500;750000;17
MARIBYRNONG;1220000;1100000;1070000;17
MARONG;705000;640000;600000;7
MARSHALL;575000;605000;662500;8
MARYBOROUGH;407500;350000;378000;53
MCCRAE;1175000;1250000;1135000;18
MCKENZIE HILL;815000;787500;760000;2
MCKINNON;1850000;1740000;1875000;8
MEADOW HEIGHTS;581500;620000;640000;31
MELTON;465000;473500;490000;53
MELTON SOUTH;517500;525000;545000;79
MELTON WEST;520000;544000;545000;39
MENTONE;1300000;1250000;1312500;30
MERBEIN;302000;452500;356300;10
MERINDA PARK;650000;665000;665500;8
MERNDA;700000;690000;730000;99
METUNG;641000;770000;665000;11
MICKLEHAM;680000;665500;682000;186
MIDDLE PARK;2550000;2334000;2910000;9
MILDURA;455000;490000;485000;165
MILL PARK;759300;800300;812500;78
MILLGROVE;593800;570000;607500;12
MINERS REST;607800;542500;545000;18
MINYIP;182500;153500;160000;1
MIRBOO NORTH;580000;482000;527500;4
MITCHAM;1142500;1181000;1180000;29
MOE;369000;350000;345000;65
MONBULK;805500;780000;715000;3
MONT ALBERT;2495000;2420000;2561000;8
MONT ALBERT NORTH;1580000;1562500;1860000;11
MONTMORENCY;1217500;1100000;1165000;22
MONTROSE;914000;875000;910000;17
MOONEE PONDS;1585000;1470500;1410000;35
MOORABBIN;1250000;1255000;1232500;12
MOOROOLBARK;842300;855000;860000;77
MOOROOPNA;400000;415000;465000;45
MORDIALLOC;1440000;1380000;1390000;18
MORNINGTON;980000;1165000;1026400;70
MORTLAKE;364000;325000;385000;8
MORWELL;337000;343000;351000;96
MOUNT BEAUTY;572500;600000;542500;2
MOUNT CLEAR;547500;473800;585000;17
MOUNT DANDENONG;1220000;852500;820000;7
MOUNT DUNEED;688500;724000;710000;61
MOUNT ELIZA;1600000;1600000;1605000;61
MOUNT EVELYN;822500;800000;865000;28
MOUNT HELEN;620000;640000;580000;11
MOUNT MARTHA;1530000;1847500;1485000;18
MOUNT PLEASANT;522500;455000;505000;8
MOUNT WAVERLEY;1585400;1614000;1595000;97
MULGRAVE;1086000;1063000;1150000;52
MURRUMBEENA;1535000;1677500;1587000;12
MURTOA;190000;350000;529000;1
MYRTLEFORD;580000;500000;520000;11
NAGAMBIE;505000;660000;628500;10
NAR NAR GOON NORTH;699000;685000;730000;2
NARRE WARREN;745000;770000;755500;94
NARRE WARREN NORTH;1715000;1665000;1400000;7
NARRE WARREN SOUTH;825000;799500;798400;92
NATHALIA;445000;350000;449000;6
NEERIM SOUTH;570000;740000;690000;5
NERRINA;733000;540000;580000;3
NEW GISBORNE;755000;860000;776000;3
NEWBOROUGH;405000;449000;455000;39
NEWCOMB;553500;564000;550000;24
NEWINGTON;750000;747500;611000;11
NEWLANDS ARM;540000;450000;580000;5
NEWPORT;1300000;1277500;1310000;39
NEWTOWN (GREATER GEELONG);1177500;1117500;980000;30
NHILL;220000;252000;270000;14
NICHOLS POINT;652500;910000;540000;3
NIDDRIE;1181300;1295000;1260000;18
NOBLE PARK;753000;765000;777500;40
NOBLE PARK NORTH;765000;770000;767500;18
NORLANE;463500;465000;445000;62
NORTH BENDIGO;435000;535000;497500;23
NORTH GEELONG;647000;610000;650000;17
NORTH MELBOURNE;1742000;1272500;1267000;25
NORTH WONTHAGGI;535000;580000;512500;26
NORTHCOTE;1595500;1575000;1720000;43
NOTTING HILL;1294700;1250000;1228000;5
NUMURKAH;422500;399000;420000;23
NUNAWADING;1200000;1040000;1175000;25
NYAH;345000;265000;315000;1
NYAH WEST;272000;197500;277500;5
OAK PARK;1007500;1055000;1150000;12
OAKLEIGH;1250000;1300000;1260000;19
OAKLEIGH EAST;1215000;1110000;1226000;10
OAKLEIGH SOUTH;1200000;1072500;1179000;16
OCEAN GROVE;917000;997500;896000;82
OFFICER;730000;711000;740000;112
OFFICER SOUTH;826000;755000;915000;8
OLINDA;895000;860000;1000000;13
ORBOST;395000;367500;308000;8
ORMOND;1630500;1929000;1788000;13
OSBORNE;924500;967000;1170000;25
OUYEN;270000;310000;260000;5
PAKENHAM;640000;660000;670000;247
PARADISE BEACH;320000;320000;270000;1
PARK ORCHARDS;1932000;1820000;2205000;1
PARKDALE;1450000;1475000;1460000;25
PARKVILLE;1982500;1893500;1635000;7
PASCOE VALE;1020000;1096000;1170000;33
PASCOE VALE SOUTH;1230000;1255000;1222500;23
PATTERSON GARDENS;1026000;1205000;1140000;6
PATTERSON LAKES;1474000;1112500;1011500;10
PAYNESVILLE;535000;482500;540000;27
PEARCEDALE;805000;950000;820000;11
PETERBOROUGH;955000;782500;820000;4
PIONEER BAY;588800;517000;458000;6
PLENTY;1480000;1610000;1320000;1
POINT COOK;782000;767000;815000;180
POINT LONSDALE;1225000;1150000;1200000;21
POREPUNKAH;1250000;843000;1100000;5
PORT FAIRY;830000;865000;835000;20
PORT MELBOURNE;1475000;1550000;1635000;36
PORTARLINGTON;863800;787500;837500;26
PORTLAND;425000;390000;445000;57
PORTSEA;2775000;3665000;4600000;9
PRAHRAN;1313000;1715000;1787500;34
PRESTON;1162500;1186300;1172500;62
PRINCES HILL;1787500;1770000;1425000;5
QUARRY HILL;652500;595000;541500;12
QUEENSCLIFF;1265000;1710000;1800000;5
RAINBOW;160000;209500;300000;1
RAWSON;380000;330000;402500;4
RAYMOND ISLAND;430000;520000;437000;6
RED CLIFFS;385000;407500;420000;27
RED HILL;1552500;2040000;1595000;5
REDAN;425000;445000;472500;13
RESEARCH;1450000;1122500;1493500;4
RESERVOIR;907500;893500;915000;94
RHYLL;1066300;970000;1002500;8
RICHMOND;1462000;1320000;1400500;42
RIDDELLS CREEK;800000;1045000;805000;12
RINGWOOD;1018000;1040000;1085500;25
RINGWOOD EAST;1065000;982500;1090000;21
RINGWOOD NORTH;1185000;1190000;1220000;43
RIPPLESIDE;1185000;1050000;2032500;2
RIPPONLEA;2325000;1170000;1815000;2
ROBINVALE;381500;408500;477000;9
ROCHESTER;220000;300000;460000;10
ROCKBANK;635000;620000;556000;35
ROMSEY;825000;800000;766000;18
ROSANNA;1377500;1360000;1312500;18
ROSEBUD;730000;731500;730000;60
ROSEBUD SOUTH;850000;950000;1090000;19
ROSEDALE;420000;434000;525000;7
ROWVILLE;1016000;1060000;1110000;68
ROXBURGH PARK;650000;662500;685000;67
RUSHWORTH;437500;340000;300000;3
RUTHERGLEN;555000;592000;561500;6
RYE;1000000;860000;920000;81
SAFETY BEACH;1185000;1182500;1140000;17
SALE;505000;475000;510000;50
SAN REMO;900000;840000;947500;12
SANCTUARY LAKES;752000;735000;795000;91
SANDHURST;1016800;965000;1100000;27
SANDRINGHAM;2102500;2210000;2077500;18
SASSAFRAS;915000;1012500;930000;7
SCORESBY;965000;986500;930000;9
SEA LAKE;162000;191100;328500;2
SEABROOK;749500;770000;765000;15
SEAFORD;853500;805800;856000;66
SEAHOLME;1245000;1300000;1110000;5
SEBASTOPOL;420000;420000;447500;76
SEDDON;1192500;1077500;1062500;20
SELBY;945000;790000;810000;5
SEVILLE;773800;900000;790000;7
SEYMOUR;485000;400000;443000;27
SHEPPARTON;450000;470000;470500;188
SHEPPARTON NORTH;625000;735000;580000;7
SHOREHAM;1770000;2175000;1925000;1
SKYE;778800;775000;787500;28
SMYTHES CREEK;539000;520000;506500;14
SMYTHESDALE;525000;515000;470000;5
SOLDIERS HILL;585000;600000;520000;13
SOMERS;1427500;1420000;1200000;7
SOMERVILLE;871300;787500;890000;41
SORRENTO;1850000;1800000;1780000;33
SOUTH DUDLEY;320000;457500;467500;5
SOUTH GEELONG;867500;932500;635000;3
SOUTH KINGSVILLE;1200000;1050000;1050000;0
SOUTH MELBOURNE;1325000;1535000;1590000;26
SOUTH MORANG;720000;753500;745000;65
SOUTH YARRA;1595000;2597500;1590000;23
SPOTSWOOD;1032000;1230300;1415000;9
SPRING GULLY;590000;715000;583500;12
SPRINGVALE;825000;870000;860000;29
SPRINGVALE SOUTH;882500;841000;785000;19
ST ALBANS;660000;652000;650000;85
ST ALBANS PARK;575000;605000;608800;12
ST ANDREWS BEACH;1670500;1187500;1220000;4
ST ARNAUD;330000;225000;300000;11
ST HELENA;1087500;1193300;1125000;5
ST KILDA;1680000;1590000;1423000;6
ST KILDA EAST;1650000;1621000;1580000;17
ST KILDA WEST;1910000;3700000;2760000;3
ST LEONARDS;740000;715000;700000;37
STANHOPE;314000;405000;342500;3
STAWELL;305000;328800;337500;26
STRATFORD;525000;500300;497500;14
STRATHDALE;625000;614700;685000;27
STRATHFIELDSAYE;693000;730000;702000;23
STRATHMERTON;469300;469300;162000;1
STRATHMORE;1697500;1645000;1485500;26
STRATHMORE HEIGHTS;910000;747500;1075000;2
STRATHTULLOH;649500;615000;625000;45
STUDFIELD;1027500;1177500;1077500;10
SUNBURY;680000;660000;677500;208
SUNDERLAND BAY;625000;625000;617500;4
SUNNYCLIFFS;432800;395000;341500;6
SUNSET STRIP;687500;633000;530000;7
SUNSHINE;800000;824000;750000;33
SUNSHINE NORTH;765000;730000;720000;29
SUNSHINE WEST;675500;690000;710500;54
SURF BEACH;728000;912500;695000;4
SURREY HILLS;2300000;2223000;2513000;32
SWAN HILL;450000;486000;545000;35
SYDENHAM;685000;699100;690000;24
SYNDAL;1931000;2235000;1832000;11
TALLANGATTA;460000;460000;402000;3
TANGAMBALANGA;672500;659500;700000;5
TARNEIT;651000;655000;650000;383
TATURA;400000;440000;506000;14
TAWONGA SOUTH;596500;573000;602000;5
TAYLORS HILL;850000;863800;948500;14
TAYLORS LAKES;935000;892500;982500;32
TECOMA;835000;1015000;860000;8
TEMPLESTOWE;1631500;1721000;1604000;38
TEMPLESTOWE LOWER;1350000;1310500;1344000;41
TERANG;450000;385000;515000;11
THE BASIN;885000;882500;865000;13
THOMASTOWN;728800;702000;730000;59
THOMSON (GREATER GEELONG);558000;500000;497000;9
THORNBURY;1500000;1305500;1397500;24
THORNHILL PARK;580000;580000;575000;42
TIMBOON;430000;420000;447000;7
TONGALA;443000;450000;450000;0
TOONGABBIE;548800;690000;430000;1
TOORADIN;915000;820000;731000;6
TOORAK;4080000;7237500;3425000;9
TOOTGAROOK;790000;860000;787500;24
TORQUAY;1117500;1192500;1200000;89
TRAFALGAR;527500;570000;541000;16
TRARALGON;504000;506200;535000;136
TRARALGON EAST;700000;945000;860000;5
TRENTHAM;857500;970000;935000;5
TRUGANINA;646000;665000;680000;179
TULLAMARINE;741500;762500;750000;15
TUNGAMAH;273000;273000;273000;0
TYABB;725000;730000;831000;5
UNDERBOOL;147500;68000;89000;1
UPPER FERNTREE GULLY;797500;875000;920000;7
UPWEY;855100;822500;882500;22
VENTNOR;830000;890000;705000;9
VENUS BAY;466000;497500;496500;24
VERMONT;1200000;1297500;1199000;23
VERMONT SOUTH;1465500;1450000;1488000;33
VIEWBANK;1140000;1227500;1136000;20
VIOLET TOWN;540000;595000;290000;3
WAHGUNYAH;645000;540000;490000;4
WALLAN;630000;595000;640000;60
WALLAN EAST;657000;623500;580000;25
WANDANA HEIGHTS;876300;930000;920000;9
WANDIN NORTH;847000;942300;1026000;7
WANGARATTA;516300;529000;525000;89
WANTIRNA;1085000;985500;1104000;28
WANTIRNA SOUTH;1300000;1205000;1280000;37
WARBURTON;700000;621000;633300;8
WARRACKNABEAL;200000;194500;220000;15
WARRAGUL;650000;626300;620000;102
WARRANDYTE;1360000;1215000;1120000;18
WARRANWOOD;1280000;1330000;1305000;17
WARRNAMBOOL;583000;580000;600000;122
WATERWAYS;1475500;975000;1489000;6
WATSONIA;980000;1045000;880500;10
WATSONIA NORTH;897500;924000;862500;6
WATTLE GLEN;1050000;795500;935000;5
WAURN PONDS;792900;760000;738000;15
WEDDERBURN;349000;215000;320000;1
WEIR VIEWS;568300;565000;561000;46
WENDOUREE;435000;455000;460000;58
WENDOUREE WEST;357500;390000;327500;14
WERRIBEE;619900;605000;601000;235
WERRIBEE SOUTH;812500;850000;657500;10
WEST FOOTSCRAY;925000;905000;847500;24
WEST MELBOURNE;1299000;995000;1117500;4
WEST WODONGA;545000;547000;550000;57
WESTALL;880000;937000;902000;11
WESTGARTH;1700000;1670000;1602500;6
WESTMEADOWS;650000;720000;700000;12
WHEELERS HILL;1397000;1400000;1478900;54
WHITE HILLS;522500;580000;627500;18
WHITTINGTON;528300;522500;547000;17
WHITTLESEA;675000;700000;755000;18
WILLIAMS LANDING;781500;790000;850000;44
WILLIAMSTOWN;1480500;1645000;1440000;29
WILLIAMSTOWN NORTH;1306000;1291900;1192500;4
WIMBLEDON HEIGHTS;476000;589000;594000;4
WINCHELSEA;591000;602500;662500;4
WINDSOR;1260000;1455500;1391500;12
WINTER VALLEY;555000;550000;535000;49
WODONGA;550000;558500;615000;108
WOLLERT;680000;695000;700000;189
WONGA PARK;1300000;1267500;1302500;8
WONTHAGGI;515000;525000;590000;31
WOODEND;967500;770000;935000;23
WOODSTOCK;858800;720000;662500;7
WOOLAMAI WATERS;676300;753000;640000;11
WOORI YALLOCK;690000;675000;715000;10
WY YUNG;525000;568000;515000;7
WYNDHAM VALE;590500;585000;574500;128
YACKANDANDAH;820000;742000;614000;3
YALLAMBIE;960000;1145000;997500;2
YALLOURN NORTH;340000;330000;297500;8
YARRA GLEN;820000;874000;940000;9
YARRA JUNCTION;767500;715000;657500;8
YARRAGON;550000;620000;560000;13
YARRAM;400000;425000;382500;6
YARRAVILLE;1160000;1151300;1090000;50
YARRAWONGA;642500;619000;550000;45
YEA;575000;507500;690000;5
YINNAR;468500;575000;422000;7